,local,name,address,number
0,울산광역시,동구서부점,울산광역시 동구 명덕3길 6 (서부동),052-232-6625
1,경상남도,양주대동상가점,"경상남도 양산시 양주로 156, 123동 1층 106호(중부동,대동황토방아파트)",055-382-2662
2,부산광역시,전포동성점,부산광역시 부산진구 동성로 30길 4,051-804-2003
3,경상남도,물금가촌점,"양산시 물금읍 물금로 57, 상가2동 1층 109호(양산 이지더원 5차 아파트)",055-385-9982
4,부산광역시,서원시장점,부산광역시 동래구 동래로 137-14(복천동),051-743-0433
5,서울특별시,난곡점,서울특별시 관악구 난우길 47,02-6952-9990
6,경기도,풍덕천점,경기도 용인시 수지구 풍덕천로160번길 5-1,031-262-9995
7,경기도,월피점,경기 안산시 상록구 광덕산2로 18,031-411-5799
8,경기도,동탄목동점,경기도 화성시 동탄순환대로20길 70,031-8077-9696
9,경기도,국수점,경기 양평군 양서면 경강로 1015,031-774-9288
10,강원도,김화점,강원도 철원군 김화읍 김화로 635,033-458-5572
11,경기도,주엽점,경기 고양시 일산서구 강선로 33,031-921-7292
12,경기도,식사점,경기 고양시 일산동구 위시티4로 80,031-963-8787
13,경기도,지금점,경기 남양주시 다산지금로 124-82,031-553-2597
14,경기도,행신장미점,경기 고양시 덕양구 행신로143번길 123,031-971-7779
15,경기도,운정2호점,경기 파주시 산내로104번길 14-8,031-941-9233
16,부산광역시,복천점,부산광역시 동래구 동래로 137-14(복천동),051-743-0433
17,경기도,덕소점,경기 남양주시 와부읍 덕소로 177,031-577-9977
18,경기도,고색점,경기도 수원시 권선구 매송고색로 691번길 6(고색동),031-292-8777
19,대구광역시,수성점,"대구광역시 수성구 수성로53길 20, 1층",053-768-5222
20,부산광역시,민락수변공원점,"부산광역시 수영구 광안해변로326번길 32, 1층 102호 (민락동, e편한세상오션테라스3단지)",051-753-9282
21,서울특별시,상일점,서울특별시 강동구 천호대로 219번길 74,02-441-7077
22,경기도,석수점,경기도 안양시 만안구 석천로 168,031-471-2959
23,경기도,운정3호점,경기 파주시 가람로 51번길 26-30,031-941-9282
24,경기도,교문점,경기 구리시 이문안로 9-1,031-566-9812
25,경상남도,밀양무안점,경상남도 밀양시 무안면 사명로 503,055-353-9929
26,경상남도,밀양구기점,경상남도 밀양시 청도면 청도로 111,055-352-9994
27,대구광역시,송현점,대구광역시 달서구 송현로 103,053-631-2338
28,대구광역시,세천점,대구광역시 달성군 다사읍 세천로10길 15-7,053-584-9995
29,경상북도,하양점,"경상북도 경산시 하양읍 문화로 12,2층",053-851-7599
30,경기도,광명1호점,경기도 광명시 오리로 1023,02-2688-7272
31,인천광역시,십정점,인천광역시 부평구 배곶로 77,032-422-7548
32,경상남도,범어신도시점,"경상남도 양산시 물금읍 범구1길 21, 2층 201호",055-386-7717
33,서울특별시,흑석점,서울특별시 동작구 현충로52,02-824-9001
34,인천광역시,호구포역점,인천광역시 남동구 논현로 40,032-429-9288
35,강원도,서석점,강원도 홍천군 서석면 구룡령로 2532,033-433-4437
36,울산광역시,삼산본동점,울산광역시 남구 남중로 76 (삼산동),052-227-9246
37,서울특별시,하계점,"서울시 노원구 공릉로58길 176, 상가동 101호(하계동, 우방아파트)",02-948-4500
38,서울특별시,구의광장점,"서울시 광진구 광나루로 545, 상강 제A동 1층 2호",02-444-9238
39,서울특별시,제기점,서울시 동대문구 고산자로 56길 20,02-960-7270
40,서울특별시,중화점,서울시 중랑구 봉화산로 102,02-437-9599
41,서울특별시,독립문점,서울시 종로구 사직로 11,02-730-2690
42,서울특별시,광운대점,서울시 성북구 장위로 49길 1-1(장위동),02-913-1292
43,서울특별시,녹번점,서울시 은평구 통일로 649(녹번동),02-356-7174
44,경기도,양곡점,경기도 김포시 양촌읍 양곡2로30번길 7-23,031-8049-7122
45,경기도,고덕1호점,경기도 평택시 고덕면 고덕여염 11길 114,031-665-9285
46,서울특별시,삼양점,서울특별시 강북구 삼양로54길 7,02-986-6337
47,대구광역시,동서변점,대구광역시 북구 환성정길7,053-285-4005
48,경상북도,화진점,경상북도 포항시 북구 송라면 동해대로3218번길 35,054-256-8383
49,경상북도,울릉도점,경상북도 울릉군 울릉읍 울릉순환로 212-21,054-791-6569
50,부산광역시,하단가락타운점,"부산광역시 사하구 동매로 35, 1층(하단동)",051-206-6108
51,경기도,산본역점,경기도 군포시 산본동 1142-6,031-391-5055
52,경상남도,상남점,경상남도 창원시 성산구 상남로 107 메종드테라스,055-262-0426
53,경상남도,미조점,경상남도 남해군 미조면 미조로236번길 25,055-867-1280
54,경상남도,칠암점,경상남도 진주시 진주대로856번길 5,055-758-0119
55,경상남도,중앙여좌점,경상남도 창원시 진해구 중원로 10,055-543-2474
56,경상남도,진주혁신도시점,경상남도 진주시 충의로 20-16,055-763-4868
57,전라남도,나주점,전라남도 나주시 나주천2길 72,061-332-9281
58,부산광역시,모라점,부산광역시 사상구 백양대로 906,051-312-9279
59,충청북도,동남지구점,충청북도 청주시 상당구 중고개로 104 309동,043-291-7773
60,부산광역시,하단가락타운점,부산광역시 사하구 동매로 35,051-206-6108
61,광주광역시,치평점,광주광역시 서구 상무대로 739,062-385-9282
62,경상남도,상주점,경상남도 남해군 상주면 남해대로 696,055-863-4743
63,경기도,관산내유점,경기 고양시 덕양구 동헌로 3번길 3,031-964-9989
64,인천광역시,구월아시아드점,인천광역시 남동구 구월동 1542-2,032-471-9282
65,경기도,동천점,경기도 용인시 수지구 수풍로 117번길 2-6,031-261-4777
66,서울특별시,가락점,서울 송파구 가락동 82-6,02-407-5050
67,인천광역시,도화점,인천광역시 미추홀구 숙골로 116,032-872-8892
68,경기도,위례역점,경기도 성남시 수정구 위례광장로 27,031-756-6888
69,광주광역시,매곡.삼각점,광주 북구 매곡로 63(매곡동),062-573-9282
70,광주광역시,염주점,광주 서구 염화로40번길 201-1,062-225-9282
71,충청북도,장락점,충북 제천시 용두천로 28가길 1 1층(장락동),043-645-0666
72,경기도,서판교점,경기 성남시 분당구 운중로 129,070-4242-5566
73,서울특별시,송파장지점,서울 송파구 새말로6길 24-33,02-407-6699
74,제주특별자치도,서귀포신시가지점,"제주도 서귀포시 서호중로 47, 지하1층",064-739-9279
75,서울특별시,오목교점,서울특별시 양천구 목동서로 291 1층 106-1호(신정동),02-2645-9982
76,경기도,팽성점,경기도 평택시 팽성읍 안정순환로 142,031-651-9939
77,서울특별시,위례중앙점,서울 송파구 장지동 896,02-400-7288
78,울산광역시,성남점,"울산광역시 중구 중앙길 118, 1층 (성남동)",052-245-7245
79,경기도,호평점,"경기 남양주시 늘을2로 96, 호평마을대주파크빌 상가 109호",031-591-9285
80,경상북도,남면점,경상북도 김천시 천동길 303-5,054-439-8809
81,경상북도,죽도점,경상북도 포항시 북구 대해로 15,054-281-5001
82,경상북도,금장현곡점,경상북도 경주시 현곡면 금장5길 34-15,054-772-9909
83,대구광역시,관음점,대구광역시 북구 칠곡중앙대로 429,053-314-7811
84,대구광역시,이곡신당점,대구광역시 달서구 선원로37길 20,053-582-9282
85,대구광역시,동성로점,대구광역시 중구 국채보상로123길 23,053-428-5010
86,경상북도,유강점,경상북도 포항시 남구 연일읍 유강길 17,054-277-5995
87,대구광역시,봉덕점,대구광역시 남구 봉덕로21길 53-3,053-471-8249
88,대구광역시,노원점,"대구광역시 북구 침산남로7길 50-21,상가동 103호",053-356-6161
89,경기도,동탄새강마을점,경기도 화성시 반송동 155-6,031-8003-9995
90,경기도,평택용이점,경기도 평택시 용이동 452-20,031-655-8919
91,울산광역시,구영점,울산광역시 울주군 범서읍 798-1 102호,052-212-9211
92,경기도,미사강변점,경기도 하남시 망월동 976-3,031-796-9997
93,충청북도,오송점,충북 청주시 흥덕구 오송읍 만수리 546,043-235-8292
94,제주특별자치도,외도하귀점,"제주 제주시 우령서로 16, 1층",064-744-3404
95,경상남도,주촌신도시점,경상남도 김해시 주촌면 선천남로 13,055-329-9990
96,울산광역시,봉월점,"울산광역시 남구 봉월로 8번길 43-1 , 1층(신정동)",052-269-6009
97,경기도,킨텍스점,경기 고양시 일산서구 킨텍스로 217-21,031-917-9249
98,인천광역시,연수2점,인천광역시 연수구 샘말로 87번길 7-6,032-811-6062
99,인천광역시,선학점,인천광역시 연수구 학나래로 118번길 40,032-813-3392
100,경기도,성복역점,경기도 용인시 수지구 성복2로 51 A동,031-889-9815
101,부산광역시,우동자이점,"부산광역시 해운대구 해운대로 469번길 110,601동",051-746-7955
102,경기도,곤지암점,경기 광주시 곤지암읍 평촌길 35-11,031-763-7856
103,경기도,강상점,경기도 양평군 강상면 강남로 913번길 1,031-771-3199
104,경기도,중산점,"경기도 고양시 일산동구 탄중로 311-16, 101호",031-915-0813
105,경기도,장곡점,경기도 시흥시 장곡로 49번길 5-1.1층 101호(장곡동),031-506-0232
106,경상남도,주촌신도시점,"경상남도 김해시 주촌면 선천남로 13, 2층",055-329-9990
107,경기도,기산점,경기도 화성시 동탄지성로 410,031-239-4885
108,대전광역시,탄방점,"대전광역시 서구 남선로 59번길 21, 1층",042-486-9289
109,충청북도,제천본점,충북 제천시 강제동 818번지 1층,043-648-0555
110,부산광역시,중동1호점,"부산광역시 해운대구 좌동순환로 468번 가길 20, 1층(중동)",051-746-7978
111,전라남도,구례점,"전남 구례군 구례읍 중앙로 154,(1층)",061-783-9282
112,부산광역시,감전점,"부산광역시 사상구 새벽시장로103번길 24,1층(감전동)",051-326-8316
113,부산광역시,대연혁신점,"부산광역시 남구 수영로325번길 61,301동 B107호 (대연동, 대연 롯데캐슬)",051-626-8114~5
114,강원도,연세대점,강원도 원주시 흥업면 매남동길 3-2 1층,033-763-0562
115,인천광역시,백령도점,인천광역시 옹진군 백령면664-7,032-836-8282
116,충청남도,금암점,충남 계룡시 장안1길 6 101호,042-551-1666
117,대전광역시,탄방점,"대전광역시 서구 남선로 59번길 21, 1층",042-486-9289
118,광주광역시,금호점,광주 서구 금화로73번길 18-9 1층(금호동),062-372-9281
119,전라남도,완도점,전남 완도군 완도읍 개포로 154-6,061-552-9283
120,경기도,옥길점,경기도 부천시 옥길동 715-6,032-343-9293
121,경기도,도당점,경기도 부천시 도당동43-8,032-671-0042
122,충청북도,봉양점,충청북도 제천시 제원로 2길 7,043-644-9592
123,인천광역시,가정점,인천광역시 서구 가정동612-17,032-562-7100
124,경기도,세류점,경기도 수원시 권선구 세지로80,031-898-7444
125,제주특별자치도,도남시청점,제주시 신성로 19,064-727-1001
126,세종특별자치시,고운점,세종시 고운서길 10,044-868-9592
127,세종특별자치시,소담점,"세종시 국책연구원1로 15, 상가A동 1층 102호",044-864-9282
128,경기도,고촌점,경기도 김포시 고촌읍 신곡리1160,031-996-8974
129,부산광역시,부평점,"부산광역시 중구 흑교로 21번길 20 1층,(부평동4가)",051-255-0520
130,부산광역시,연제1호점,"부산광역시 연제구 고분로 236번길 5, 1층(연산동)",051-755-7003
131,강원도,무실점,강원도 원주시 시청로 11 1층 102호,033-743-9292
132,광주광역시,첨단점,광주 광산구 첨단내촌로 66,062-973-9291
133,전라남도,장흥점,전남 장흥군 장흥읍 동교로 40,061-862-8999
134,전라북도,동산반월점,전북 전주시 덕진구 쪽구름로 128(반월동),063-213-9280
135,전라북도,송천점,"전북 전주시 덕진구 붓내1길 10, 208동 2층 204(송천동2가)",063-273-9282
136,전라북도,인후점,"전북 전주시 덕진구 거북바우로 148, 1층(인후동2가)",063-245-9288
137,제주특별자치도,아라점,제주특별자치도 제주시 아란8길 16,064-724-3303
138,충청북도,호암점,충청북도 충주시 호암동1216,043-853-7001
139,경기도,보라점,경기도 용인시 기흥구 사은로84번길 10,031-287-0804
140,서울특별시,신월점,서울특별시 양천구 신월동 1057-1,02-2605-8614
141,경기도,창전점,경기도 이천시 창전동451-28,031-631-4950
142,울산광역시,천상점,"울산광역시 울주군 범서읍 천상길 6, 101호",052-910-9292
143,경상북도,해도점,경상북도 포항시 남구 해동로 16-1,054-272-0555
144,경상북도,인후점,전북 전주시 덕진구 거북바우로 148,063-245-9288
145,전라북도,아중점,전북 전주시 덕진구 석소로 9-6,063-244-9282
146,전라북도,평화점,전북 전주시 완산구 평화18길 23-10,063-221-9232
147,전라북도,신시가지점,전북 전주시 완산구 후곡길 23-9,063-222-9288
148,전라남도,나주혁신점,전남 나주시 배멧2길 39 로데오 빌딩 101호,061-336-9281
149,전라남도,보성점,전라남도 보성군 보성읍 주봉리 398,061-853-8592
150,충청북도,서충주기업도시점,충북 충주시 중앙탑면 원앙 9길 10 C동 1층 109호 (코아루 더 테라스상가),043-845-1030
151,강원도,포남점,"강원도 강릉시 경강로 2356번길 11, 1층",033-648-9911 ~ 2
152,충청북도,단양점,충북 단양군 단양읍 상진 13길 11,043-421-1236
153,강원도,간성점,강원도 고성군 간성읍 고성중앙 1길 13,033-681-0914
154,충청남도,공주신관점,"충청남도 공주시 신금2길 17, 1층 104호",041-853-9285
155,부산광역시,해운대좌동1호점,"부산광역시 해운대구 좌동로 152,1층 157호(좌동, 신도시시장)",051-701-9292
156,경기도,민락코스트코점,"경기 의정부시 용민로 469 , 107호",031-851-5592
157,경기도,묵현점,경기 남양주시 화도읍 먹갓로 28번길 5,031-595-0081
158,경기도,인창점,"경기 구리시 응달말로 51 , 107호",031-557-5592
159,경상북도,사동계양점,경상북도 경산시 원효로32길 10,053-813-4089
160,대구광역시,국우점,대구광역시 북구 학남로 99 A동 102호,053-322-0099
161,경상북도,용흥점,경상북도 포항시 북구 새마을로 88 1층,054-253-9979
162,경상북도,동천점,경상북도 경주시 대안길 39-2,054-745-3379
163,충청북도,호미지구점,충청북도 청주시 상당구 수영로360,043-295-6600
164,대전광역시,낭월점,대전광역시 동구 산내로1312,042-285-2999
165,경기도,장지점,경기도 광주시 순암로55,031-767-0522
166,부산광역시,연지점,부산광역시 부산진구 성지로 93(초읍동),051-819-8292
167,서울특별시,영등포점,서울특별시 영등포구 영등포동7가 203외2필지,02-2675-7377
168,충청남도,신창점,충청남도 아산시 신창면 행목로217,041-545-9989
169,부산광역시,용호메트로점,"부산광역시 남구 신선로 566,401동 154호",051-628-9290
170,세종특별자치시,소담점,세종특별자치시 소담동325,소담점
171,경기도,한숲시티점,경기도 용인시 처인구 남사면 한숲로 45,031-335-6661
172,서울특별시,신길점,서울특별시 영등포구 여의대방로53길 29,02-832-9227
173,서울특별시,광운대점,서울특별시 성북구 장위로49길 1-1,02-913-1292
174,경기도,토당점,경기도 고양시 덕양구 토당로125,031-971-0311
175,경기도,평택역점,경기도 평택시 평택동 292,031-652-9285
176,제주특별자치도,서귀포점,서귀포시 서문로 49,064-763-9982
177,제주특별자치도,제주삼양점,제주시 일주동로 378,064-727-9991
178,제주특별자치도,세화점,제주시 구좌읍 구좌로34,064-784-0130
179,제주특별자치도,이도점,제주시 승천로89,064-727-6868
180,제주특별자치도,제주연동점,제주시 사장2길31,064-742-7792
181,제주특별자치도,용담점,제주시 용문로 162,064-712-5006
182,부산광역시,범일점,부산광역시 동구 범상로 23 (범일동),051-636-1923
183,서울특별시,성내점,서울특별시 강동구 성내동 434-6,02-482-9992
184,부산광역시,서면1호점,"부산광역시 부산진구 새싹로 41-1 , 1층(부전동",051-802-9250
185,경기도,세마점,경기도 오산시 양산동 673-3,031-373-9212
186,제주특별자치도,일도점,제주특별자치도 제주시 일도2동 402-26,064-723-7075
187,충청남도,성성점,충청남도 천안시 서북구 성성9로 7,041-621-1117
188,경상남도,생초점,경상남도 산청군 생초면 새실로3,055-973-7702
189,충청남도,서산시청점,충청남도 서산시 고운로142,041-668-1788
190,인천광역시,원당점,인천광역시 서구 고산후로121번길 15,032-562-4555
191,서울특별시,상암점,서울특별시 마포구 성암로79,02-374-9374
192,서울특별시,도봉점,서울특별시 도봉구 마들로28길 58,02-3491-9282
193,경기도,파장점,경기도 수원시 장안구 파장천로 6,031-245-8818
194,충청남도,송악점,충청남도 당진시 송악읍 송악로 699,041-356-9233
195,울산광역시,중산점,"울산광역시 북구 중산로 7, 지상1층 (중산동)",052-291-3005
196,충청북도,청천점,충청북도 괴산군 청천면 청천2길 5,043-832-1986
197,경상북도,상도터미널점,경상북도 포항시 남구 중흥로100번길 10,054-262-5001
198,제주특별자치도,노형점,제주특별자치도 제주시 월랑북길10,064-742-3330
199,경기도,광명역점,경기도 광명시 일직로12번길 19,02-899-9939
200,서울특별시,중계본동점,서울특별시 노원구 중계로14길 29 (중계동),070-7543-5347
201,서울특별시,북아현점,서울특별시 서대문구 경기대로9길 81 (충정로 3가),02-364-9282
202,서울특별시,홍제점,서울특별시 서대문구 통일로39가길 57,02-396-2560
203,서울특별시,안암점,서울특별시 성북구 고려대로13길 43,02-929-2975
204,서울특별시,상계점,서울특별시 노원구 상계로23다길 5,02-951-2367
205,경상남도,증산점,경남 양산시 물금읍 새실2길 13,055-383-9242
206,경상북도,옥산점,경상북도 경산시 성암로 7길 8 A동  105호,054-812-9211
207,경상북도,이동점,"경상북도 포항시 남구 대이로 145, 102호",054-275-2922
208,경상북도,공성점,경상북도 상주시 공성면 산현1길 34-3,054-533-8999
209,경상북도,당북점,경상북도 안동시 배움길 52 1층,054-856-2468
210,경상북도,월포점,경상북도 포항시 북구 청하면 해안로 2308번길 67,054-232-4747
211,대전광역시,유천오류점,대전광역시 중구 계백로 1603번길 28-6 1층(유천동),042-523-0077
212,경기도,운양점,경기도 김포시 김포한강11로 38,031-987-1089
213,경상남도,교동점,경남 양산시 교동 245-2  협성강변타운 제상가 104동 101호,055-382-1772
214,부산광역시,송도점,"부산광역시 서구 충무대로 34, 상가동 2층 2-2호",051-241-3066
215,서울특별시,용마산점,서울특별시 중랑구 용마산로109길 24 (망우동),02-494-7878
216,서울특별시,장안점,서울특별시 동대문구 답십리로68길 67,02-2217-0011
217,경기도,당왕점,경기도 안성시 고수2로 70,031-672-0558
218,경기도,새솔점,경기도 화성시 수노을2로 36,031-355-5190
219,경기도,대림동산점,경기도 안성시 공도읍 대림동산길55,031-618-9977
220,서울특별시,강일점,서울특별시 강동구 강일동 676-1,02-429-8999
221,전라남도,삼학점,"전남 목포시 둥근섬로 54번길 14, 1층(산정동)",061-242-9282
222,부산광역시,명지오션시티점,"부산광역시 강서구 명지오션시티10로 114,",051-294-0399
223,부산광역시,서대신점,부산광역시 서구 대영로38번길 11(서대신동1가),051-246-4988
224,경기도,김량장점,경기도 용인시 처인구 김량장동 295-1,031-338-8892
225,경상남도,내외점,경상남도 김해시 우암로 109-1 (내동),055-334-9288
226,경기도,내손갈뫼점,경기도 의왕시 내손동 741-1,031-424-8280
227,경기도,고림점,경기도 용인시 처인구 고림동 1005,031-322-9980
228,부산광역시,정관방곡점,"부산광역시 기장군 정관읍 방곡3로 18-1 , 1층",051-727-6076
229,경기도,수원정자점,경기도 수원시 장안구 정자동 874-1,031-269-1001
230,서울특별시,등촌역점,서울특별시 양천구 목동 960,02-2644-2929
231,경기도,포승점,경기도 평택시 포승읍 여술로74,031-682-6564
232,인천광역시,인천논현2점,인천광역시 남동구 논현동 593-8,032-427-5585
233,경기도,역북점,경기도 용인시 처인구 명지로 40번길 9,031-338-9666
234,서울특별시,충무로점,서울특별시 중구 퇴계로 179-1,02-2285-3685
235,서울특별시,신촌점,서울특별시 서대문구 성산로22길36,02-3141-1367
236,경기도,창우점,경기도 하남시 대청로119-1,031-795-9253
237,경기도,미사역점,경기도 하남시 미사강변중앙로173,031-792-9344
238,경기도,여주터미널점,경기도 여주시 세종로79번길 23-3,031-881-5333
239,대전광역시,신성자운점,"대전 유성구 신성로77, 1층 (신성동)",042-867-7778
240,강원도,횡성점,강원도 횡성군 횡성읍 읍마북로 13,033-343-7773
241,강원도,영월점,강원도 영월군 영월읍 은행나무5길 41,033-372-9333
242,강원도,송지호점,강원도 고성군 오호길 18,033-638-5525
243,강원도,봉평점,강원도 평창군 봉평면 기풍로 162,033-334-7111
244,강원도,반곡혁신점,강원도 원주시 양지로 160-2(반곡동),033-746-0909
245,강원도,문막점,강원도 원주시 문막읍 문막시장 1길 35,033-735-9860
246,경기도,케이준 철산한신점,경기도 광명시 철망산로 87,02-2611-0199
247,경기도,케이준 원곡점,경기도 안산시 단원구 지곡로1안길 12,031-494-8242
248,경기도,오포점,경기도 광주시 오포읍 양벌로 315,031-765-9989
249,경기도,케이준 소하점,경기도 광명시 성채안로 26,02-897-9245
250,경기도,케이준 부천상동점,경기도 부천시 상동 559-3,032-321-9282
251,경기도,케이준 부림점,경기도 안양시 동안구 부림로 171,031-382-8292
252,경기도,케이준 본오점,경기도 안산시 상록구 본오동 827-8,031-406-9235
253,경기도,동백점,경기도 용인시 기흥구 동백3로 11번길 12,031-274-9299
254,경기도,초월점,경기도 광주시 초월읍 대쌍령리 191-6,031-766-1578
255,경기도,오천점,경기도 이천시 마장면 오천리 297-5,031-632-4543
256,경기도,안산사동점,경기도 안산시 상록구 사동 1397-1,031-416-9982
257,부산광역시,연산로터리점,부산광역시 연제구 월드컵대로 109 1층(연산동),051-852-8292
258,경기도,약대점,경기도 부천시 약대동 216-1,032-321-9289
259,경상남도,삼정점,"경상남도 김해시 활천로 36번길 46, 1층(삼정동)",055-331-5533
260,경기도,역곡점,경기도 부천시 안곡로 279번길 42,032-347-9288
261,경기도,반월점,경기도 안산시 상록구 창말1길 21,031-437-1153
262,인천광역시,운서점,인천광역시 중구 신도시남로 66,032-751-0070
263,서울특별시,월곡점,서울특별시 성북구 오패산로46,02-358-1122
264,서울특별시,왕십리점,서울특별시 성동구 마장로23길 7,02-6084-9283
265,서울특별시,이문점,서울특별시 동대문구 신이문로23길 23,02-964-0132
266,서울특별시,독산2점,서울특별시 금천구 시흥대로 90길 32-8,02-892-7770
267,대전광역시,도안가수원점,대전광역시 서구 가수원동 913,042-542-9283
268,경상북도,두호점,경상북도 포항시 북구 새천년대로1076번길 21 효암빌딩1층,054-251-9933
269,인천광역시,숭의점,인천광역시 미추홀구 장천로 80,032-888-0977
270,경상북도,오태북삼점,"경상북도 구미시 금오대로14길 32, 102호",054-464-7006
271,인천광역시,인천갈산점,인천광역시 부평구 주부토로 172번길 34 (갈산동),032-515-3557
272,전라북도,삼천점,"전북 전주시 완산구 삼천천변1길 17, 101호(삼천동1가)",063-211-9282
273,서울특별시,갈현점,서울특별시 은평구 갈현로 288 (갈현동),02-384-7171
274,서울특별시,효창점,서울특별시 용산구 백범로77길 14 (원효로 1가),02-703-9271
275,서울특별시,구의자양점,서울특별시 광진구 화양동 467-1,02-456-9282
276,경기도,율전점,경기도 수원시 장안구 율전동 360-9,031-295-9280
277,인천광역시,송도2점,인천광역시 연수구 송도문화로 28번길 28 (송도동),032-816-7282
278,전라북도,남원점,"전북 남원시 용성로 207,상가동1층 114호(도통동)",063-635-9282
279,부산광역시,센텀점,"부산광역시 해운대구 센텀중앙로 145, 상가3동 1층 103호(재송동,더샵센텀파크1차아파트)",051-741-8282
280,울산광역시,남외점,"울산광역시 중구 구교로 260, 지상1층(남외동)",052-298-9288
281,대구광역시,대현점,대구광역시 북구 대현로 118,053-955-9288
282,울산광역시,울산대점,"울산광역시 남구 대학로 94번길 6, 1층(무거동)",052-277-2633
283,울산광역시,수암점,울산광역시 남구 중앙로 38(야음동),052-277-9200
284,경기도,상록점,경기도 안산시 상록구 서암로4길 20-1 (사동),031-406-8300
285,경기도,죽전점,경기도 용인시 수지구 현암로76,031-896-8607
286,부산광역시,괴정샘터점,"부산광역시 사하구 낙동대로 233번길 59, 1층(괴정동)",051-201-2891
287,대구광역시,월성점,대구광역시 달서구 월성동 84-5 월성주공1단지 나동 103호,053-638-8979
288,경기도,고잔점,경기도 안산시 단원구 고잔동 696-3,031-485-9277
289,경상북도,고령덕곡점,경북 고령군 덕곡면 덕운로 586,054-956-2731
290,대구광역시,고성점,대구광역시 북구 고성북로3 101동 1층 4호,053-352-1225
291,대구광역시,복현점,대구광역시 북구 복현2동 134-2,053-382-9279
292,부산광역시,수안점,"부산광역시 동래구 충렬대로218번길 26, 비동 1층(수안동)",051-558-9989
293,경기도,오전점,"경기도 의왕시 등칙골4길 14, 1층 103호(오전동)",031-453-9221
294,부산광역시,남항점,"부산광역시 영도구 남항로19번길 38, 1층(남항동1가)",051-417-9992
295,울산광역시,화정점,울산광역시 동구 대송8길 31(화정동),052-922-4068
296,경기도,청북점,경기도 평택시 청북읍 안청로4길 42,031-683-1177
297,경기도,오산운암점,경기도 오산시 원동로6 (원동),031-378-0987
298,경상남도,팔판점,"경상남도 김해시 계동로23번길 5, 1층 111호(관동동, 대우프라자)",055-313-8255
299,울산광역시,망양점,울산광역시 울주군 온양읍 덕망로 270,052-239-9999
300,울산광역시,우정점,울산광역시 중구 우암길 1(우정동),052-212-9909
301,경기도,와동점,경기도 안산시 단원구 화정천동로 2안길 28,031-482-9281
302,울산광역시,성안점,"울산광역시 중구 함월16길 13-1, 1층 (성안동)",052-245-8255
303,울산광역시,선암점,"울산광역시 남구 두왕로 174번길 35-1, 1층(선암동)",052-258-9394
304,경기도,대화점,"경기 고양시 일산서구 강성로 271 (대화동,대화씨티빌 101호)",031-911-3856
305,경기도,갈매점,"경기도 구리시 갈애순환로 198, 1층 101호(갈매동, 비젼프라자)",031-527-9258
306,부산광역시,신주례점,부산광역시 사상구 백양대로 502(주례동),051-315-9992
307,인천광역시,서창2점,인천광역시 남동구 서창남로 51,032-465-5506
308,경상남도,신안평거점,"경남 진주시 신평공원길 25번길 8-4,1층",055-742-9982
309,경상남도,봉곡사림점,"경남 창원시 의창구 봉곡로 50,1층(봉곡동)",055-277-8295
310,경상남도,석동점,"경남 창원시 진해구 진해대로 886번길 20,1층(석동)",055-542-9290
311,경기도,옥정1호점,경기도 양주시 옥정동로 173 레이크프라자 107호,031-868-9293
312,인천광역시,인천장기점,인천광역시 계양구 장기로 29 (장기동),032-556-5678
313,서울특별시,구로점,서울특별시 구로구 구로동로 213,02-868-1089
314,서울특별시,헬리오시티점,서울특별시 송파구 가락로 16길 2-26 (석촌동),02-423-9281
315,경기도,남동탄점,경기도 화성시 동탄대로4길95 (장지동),031-376-4492
316,부산광역시,구서점,"부산광역시 금정구 금강로 563, 1층(구서동)",051-582-9279
317,부산광역시,명지국제신도시점,"부산광역시 강서구 명지국제5로 14, 1층 101호(명지동, 서진빌딩)",051-968-7888
318,강원도,평창점,강원도 평창군 평창읍 백오1길 33,033-333-0009
319,경기도,여주교동점,경기도 여주시 세종로 254-16 (교동),031-881-3799
320,대구광역시,도원점,대구광역시 달서구 도원남로56 산새마을 분산상가 1층 103호,053-641-0041
321,부산광역시,좌동상록점,"부산광역시 해운대구 세실로 7, 104호(좌동, 해운대상록아파트상가)",051-703-0678
322,부산광역시,구남역점,부산광역시 북구 백양대로 1015번길 15(구포동),051-335-7766
323,경기도,이천점,경기도 이천시 관고동 12-4,031-633-1823
324,부산광역시,부곡점,부산광역시 금정구 동현로 23(부곡동),051-581-7890
325,경상남도,석산점,경상남도 양산시 동면 금오7길 24,055-363-9911
326,부산광역시,문현1동점,"부산광역시 남구 고동골로 66, 1층(문현동)",051-624-9875
327,부산광역시,양정1호점,부산광역시 부산진구 양지로 5번길 20(양정동),051-867-9955
328,경기도,통진점,경기도 김포시 통진읍 서암로6번길 5-21,031-996-8295
329,경상남도,상동점,경남 거제시 거제중앙로3길 14-2(상동동),055-635-9290
330,부산광역시,반송2호점,"부산광역시 해운대구 아랫반송로 51, 1층(반송동)",051-545-9266
331,경기도,소사벌점,경기도 평택시 비전동 1053,031-656-8292
332,경기도,동탄중앙점,경기도 화성시 동탄산척로 2나길 6-7 (산척동),031-375-8292
333,경상북도,항구영일대점,경상북도 포항시 북구 아호로 3,054-253-9996
334,대구광역시,반야월점,대구광역시 동구 안심로41길 47,053-964-0797
335,대구광역시,테크노폴리스점,대구광역시 달성군 유가읍 테크노중앙대로 326-35,053-611-6265
336,경기도,비전점,경기도 평택시 중앙로235 (비전동),031-658-9989
337,경기도,능곡점,경기도 시흥시 능곡중앙로77,031-404-0123
338,경기도,비산점,경기도 안양시 동안구 평촌대로408 (비산동),031-387-1112
339,경기도,부곡점,경기도 의왕시 삼동 150-16,031-462-9233
340,충청남도,홍성점,충남 홍성군 홍성읍 충절로1053번길 41,041-633-9995
341,충청북도,율량사천점,충북 청주시 청원구 율량로190번길19,043-903-0991
342,충청북도,증평점,충북 증평군 증평읍 문화로83,043-838-8977
343,대전광역시,송강테크로점,대전시 유성구 구즉로48번길10,042-935-9294
344,부산광역시,몰운대롯데캐슬점,"부산광역시 사하구 다대낙조2길 100, 101호(다대동,롯데캐슬몰운대아파트부상가)",051-262-9252
345,대구광역시,대구옥포돌미점,대구시 달성군 옥포면 돌미상업로2길 26,053-615-9986
346,경상북도,영양점,경상북도 영양군 영양읍 중앙로 111,054-682-1950
347,경기도,배곧점,경기도 시흥시 정왕동 2476-2,031-432-9998
348,경기도,광주점,경기도 광주시 송정동111-1,031-477-9282
349,경기도,신하점,경기도 이천시 부발읍 신하리 432-15,031-636-8726
350,경기도,관양점,경기도 안양시 동안구 관양동 1423,031-425-5211
351,경기도,중동점,경기도 부천시 원미구 부흥로 272번길 22,032-321-7636
352,경기도,조암점,경기도 화성시 장안면 기아자동차로 789 103호,031-358-3392
353,경기도,정왕점,경기도 시흥시 정왕동 1193-14,031-319-5192
354,경기도,일죽점,경기도 안성시 일죽면 송천리 28-4,031-672-9385
355,경기도,인계점,경기도 수원시 팔달구 인계동 1008-9,031-232-7234
356,경기도,이천사동점,경기도 이천시 대월면 사동리 182-2,031-638-9013
357,경기도,은행점,"경기도 시흥시 시흥대로 1074번길 28,106호(은행동, 녹원아파트 상가동)",031-312-9999
358,경기도,월곶점,경기도 시흥시 월곶동 995,031-318-9292
359,경기도,안성원곡점,경기도 안성시 원곡면 칠곡리 184-8,031-654-9220
360,경기도,우만점,경기도 수원시 팔달구 세지로421번길 37 (우만동),031-256-0903
361,경기도,호법점,경기도 이천시 호법면 후안리 267-4,031-632-9949
362,경기도,하안8점,경기도 광명시 하안동 260-2 8단지상가 104-2,02-802-4070
363,경기도,하안12점,경기도 광명시 하안동 62-4  1층 3호,02-806-5772
364,경기도,하안11점,경기도 광명시 하안동 30-5  10 단지상가  104,02-803-2993
365,경기도,포일내손점,경기도 의왕시 내손동652-15,031-425-1145
366,경기도,포도원,경기도 안양시 동안구 호계3동 811 현대홈타운상가 107,031-452-0827
367,경기도,평촌5점,경기도 안양시 동안구 평촌동 898-2 초원아파트상가110,031-387-2134
368,경기도,태전점,경기도 광주시 태전동 688-1,031-762-9525
369,경기도,철산점,경기도 광명시 철산동 240  주공13단지 상가동,02-2682-3230
370,경기도,천리점,경기도 용인시 이동면 천리 56-6,031-333-5784
371,경기도,중앙대,경기도 안성시 대덕면 내리 682-3,031-675-7750
372,경기도,안양중앙점,경기 안양시 만안구 삼덕로 80-1 (안양동) 1층,031-444-5592
373,경기도,안양2점,경기도 안양시 만안구 안양동 873-162,031-447-9292
374,경기도,안성점,경기도 안성시 도기 4길 9(도기동),031-671-9282
375,경기도,신흥산성점,경기도 성남시 수정구 수정남로 305번길11,031-733-8382
376,경기도,신천리점,경기도 시흥시 호현로49번안길 1(대야동),031-312-9709
377,경기도,신갈점,경기도 용인시 기흥구 신구로 38 청솔학원,031-274-5060
378,경기도,송내우성,경기도 부천시 소사구 송내동 336-15,032-662-7259
379,경기도,소사점,"경기도 부천시 소사구 소사로202번길 27, 1층(소사본동)",032-325-8787
380,경기도,성포점,경기도 안산시 상록구 성포동 592-2,031-487-8900
381,경기도,석수엘지점,경기도 안양시 만안구 석수동 415-2 엘지빌리지 상가,031-474-5592
382,경기도,샘마을점,경기도 안양시 동안구 호계동 1116 샘마을상가 1층,031-453-9992
383,경기도,삼보점,경기도 시흥시 대야동 275 삼보상가 1층 1호,031-314-6871
384,경기도,산본점,경기도 군포시 산본동 1069-3 (1층),031-393-9282
385,경기도,북내점,경기도 여주시 북내면 여양2로 274,031-883-5320
386,경기도,케이준 부곡점,경기도 안산시 상록구 성호로 340,031-406-9979
387,경기도,보정점,"경기도 용인시 기흥구 죽현로 8-20 130(보정동,아이원프라자)",031-272-9259
388,경기도,범계점,경기도 안양 동안 비산 1102 관악타운 상가122,031-381-8238
389,경기도,백암점,경기도 용인시 처인구 백암면 백암리 391번지,031-321-9282
390,경기도,백사점,경기도 이천시 백사면 현방리 67-12,031-632-0746
391,경기도,박달점,경기도 안양시 만안구 박달동 149-1,031-468-3392
392,경기도,미양점,경기도 안성시 미양면 보체리 405 상가 501동 101호,031-675-9258
393,경기도,모현점,경기도 용인시 처인구 모현면 일산리112-82,031-333-9952
394,경기도,만선점,경기도 광주시 곤지암읍 만선로 45,031-798-5525
395,경기도,둔전점,경기도 용인시 처인구 포곡읍 포곡로 118번길 24-11,031-334-7292
396,경기도,능평점,경기도 광주시 오포읍 수레실길 5,031-726-9253
397,경기도,금정점,경기도 군포시 금정동 79-1 1층,031-458-3888
398,경기도,군포점,경기도 군포시 당동 914-5번지,031-392-9295
399,경기도,구성점,"경기도 용인시 기흥구 구성로 186(언남동, 신일푸른솔아파트단지내 1층",031-274-9282
400,경기도,공도점,경기도 안성시 공도읍 고무다리길 3,031-658-9280
401,경기도,거모점,경기도 시흥시 군자로504번안길 12(거모동),031-508-3398
402,경기도,갈산점,경기도 이천시 갈산로 87번길 4(갈산동),031-635-3792
403,경기도,가남점,경기도 여주시 가남읍 태평중앙1길 8-10,031-884-7718
404,세종특별자치시,한솔새롬점,세종시 누리로28,044-862-9283
405,부산광역시,금정산SK점,"부산광역시 금정구 식물원로 82, 302동 201호(장전동, 금정에스케이뷰)",051-514-0123
406,경기도,평촌2점,경기도 안양시 동안구 평촌대로127번길 38,031-385-9288
407,경기도,목감점,경기도 시흥시 목감중앙서로20 시흥목감엘에이치 7단지,031-414-0056
408,경기도,시화3점,"경기도 시흥시 정왕대로28번길 31 , 110(정왕동)",031-433-1457
409,경기도,시화2점,"경기도 시흥시 옥구천서로373번길 43, 104호(정왕동, 주공1단지분산상가)",031-433-8292
410,부산광역시,신라대점,"부산광역시 사상구 백양대로 703, A동(덕포동)",051-304-9282
411,부산광역시,정관롯데캐슬점,"부산광역시 기장군 정관읍 정관3로 52, 상가동 101호(롯데캐슬)",051-728-5595
412,경기도,호계2점,경기도 안양시 동안구 호계동 912-2,031-457-1288
413,경기도,향남2점,경기도 화성시 향남읍 신광길 19. 102호,031-352-5464
414,서울특별시,신림역점,"서울특별시 관악구 신림동길 40, 101(신림동)",02-871-8588
415,경기도,동삭점,"경기도 평택시 동삭로 397 상가동 104,105호",031-652-5092
416,서울특별시,길동점,서울시 강동구 길동 351-7,02-470-2933
417,경기도,괴안점,경기도 부천시 소사 괴안동 89-1,032-347-5661
418,전라북도,덕진하가점,전북 전주시 덕진구 가리내5길 16 103호(덕진동2가),050-4308-7522
419,경상남도,안동삼안점,경상남도 김해시 삼안로 131번길 8-4(삼방동),055-337-7439
420,울산광역시,산하1호점,"울산광역시 북구 화암6길 14, 1층 101호(산하동)",052-282-3569
421,경상남도,부곡월산점,"경상남도 김해시 월산로 111-67,1 1층 105호(부곡동, 신화프라자)",055-335-2288
422,부산광역시,괘법한신점,"부산광역시 사상구 광장로 37번길 82, 1층(괘법동,대동래미안)",051-316-9292
423,경상남도,아주점,"경남 거제시 아주1로1길 7-2,1층(아주동)",055-682-7575
424,경상남도,오동동점,경남 창원시 마산합포구 오동동10길 15(오동동),055-246-8086
425,충청남도,예산점,충남 예산군 예산읍 주교로39 1층,041-333-9520
426,충청북도,대소점,충북 음성군 대소면 오태로 75-1,043-882-5592
427,경상북도,대도점,경상북도 포항시 남구 상대로 142,054-277-8892
428,충청북도,진천장관점,충북 진천군 진천읍 장관2길 139-1,043-533-1355
429,대전광역시,삼성2점,대전 동구 현암로 36,042-621-1504
430,충청북도,삼성점,충북 음성군 삼성면 덕정로62번길 2,043-877-3377
431,충청북도,무극점,충북 음성군 금왕읍 무극로 234,043-878-5284
432,경상북도,경산남산점,경북 경산시 남산면 산양길 9,053-851-5999
433,대전광역시,계백점,대전시 중구 문화로90,042-582-5994
434,충청남도,원성점,충남 천안시 동남구 버들로127,041-567-9979
435,서울특별시,가양점,서울 강서 가양 1475 강변아파트상가 203,02-2668-9306
436,서울특별시,등촌점,서울특별시 강서구 등촌동 704  주공9단지아파트상가동102호,02-3662-3988
437,서울특별시,방화점,"서울특별시 강서구 방화대로33길 17 (방화동,1층)",02-2064-7670
438,서울특별시,신풍역점,"서울특별시 영등포구 신길로 108(신길동,남서울 아파트상가.신길동3591)",02-842-7979
439,서울특별시,신대방,서울시 동작구 대방동 409-10,02-812-0085
440,서울특별시,암사점,서울 강동구 암사동 425-197번지,02-427-9255
441,서울특별시,풍납점,서울 송파구 풍납동 392번지,02-473-9927
442,서울특별시,송파점,서울 송파구 송파동 135-18 102호,02-419-4734
443,서울특별시,문정점,서울 송파구 문정동 29,02-403-9761
444,서울특별시,오금점,서울 송파구 오금동 151-6번지,02-431-6678
445,서울특별시,일원점,서울시 강남 일원 682-7 1층,02-3411-0166
446,서울특별시,삼전점,서울시 송파 삼전 167-17,02-419-5544
447,서울특별시,신천점,서울시 송파 잠실 185-9,02-423-5183
448,서울특별시,압구정점,서울 강남구 신사동 653-15번지 2층,02-545-1027
449,서울특별시,잠원점,서울 서초구 잠원동 53번지 현대상사 1층 6호,02-592-2244
450,서울특별시,방배점,서울 서초구 방배동 868-28번지,02-594-6866
451,서울특별시,양재점,서울 서초구 양재동 6-37번지,02-576-9204
452,서울특별시,대치점,서울 강남구 대치동 922-14번지,02-562-9282
453,서울특별시,서초점,서울 서초구 서초동 1342번지,02-522-9272
454,서울특별시,역삼점,서울 강남구 역삼동 782-28번지,02-553-7749
455,서울특별시,논현점,서울 강남구 논현동 192-1번지,02-517-4178
456,서울특별시,여의도점,서울시 영등포구 여의도동50 시범상가 ,02-782-0520
457,서울특별시,대방점,서울 동작구 대방동 11-51,02-817-7979
458,서울특별시,장승배기점,서울 동작 상도 373-72번지,02-816-7007
459,서울특별시,봉천점,서울 관악구 봉천동 885-1번지,02-877-1122
460,서울특별시,행운점,서울 관악구 행운동 66-117번지,050-7744-5257
461,서울특별시,우장산점,서울특별시 강서구 강서로 46길 51(내발산동),02-2659-9279
462,서울특별시,화곡역점,서울특별시 강서구 화곡동 1062-20 2층,02-2699-3392
463,서울특별시,신정1점,"서울특별시 양천구 은행정로 5길 28,1층 102호(신정동)",02-2651-9282
464,서울특별시,신도림점,서울시 구로구 신도림동 396 - 140,02-2632-6612
465,서울특별시,신정7점,서울특별시 양천구 신정동 203-1,02-2648-5191
466,서울특별시,당산점,서울 영등포구 당산동1가 378번지,02-2678-9282
467,서울특별시,대림점,서울시 영등포구 대림동 1027-16,02-834-3042
468,서울특별시,구로가산점,서울 구로구 구로동 792-22번지,02-853-0808
469,서울특별시,독산점,서울시 금천구 독산 179-12,02-853-7714
470,서울특별시,시흥점,서울시 금천구 시흥동 887-24,02-807-6618
471,경기도,원종점,경기도 부천시 원종동 382-7,032-675-4578
472,서울특별시,목동점,"서울특별시 양천구 목동중앙서로 40 (목동,1층)",02-2061-9292
473,서울특별시,사당점,동작구 사당동 312-9번지,02-588-9293
474,서울특별시,상도점,서울 동작구 상도동156-22,02-3280-7088
475,서울특별시,동방점,서울시 관악 신림 246-23,02-871-6111
476,서울특별시,신림점,서울시 관악구 신림동 96-87,02-872-6904
477,서울특별시,개봉점,"서울특별시 구로구 고척로27길 58, 1층(개봉동)",02-2060-9253
478,서울특별시,신정점,"서울특별시 양천구 신정로11길 62, 1층(신정동, 유광빌딩)",02-2616-4331
479,서울특별시,화곡1점,"서울특별시 강서구 가로공원로 233  101(화곡동,뉴파인아파트상가1층)",02-2061-9284
480,서울특별시,개봉2점,서울특별시 구로구 개봉동 357-22,02-2689-0900
481,서울특별시,오류점,서울특별시 구로구 오류동 81-271,02-2688-0610
482,인천광역시,가좌점,인천시 서구 가좌동 142-45,032-582-0099
483,인천광역시,신현점,인천시 서구 신현동 279-5,032-578-7730
484,인천광역시,청라점,인천 서구 연희동 763-19,032-566-9599
485,인천광역시,하늘도시점,"인천광역시 중구 은하수로 351, 2동 103호 (중산동, 우미린1차상가)",032-746-8990
486,인천광역시,검암점,인천 서구 승학로 313-1,032-561-0702
487,인천광역시,온수점,인천 강화군 강화읍 길상면 온수리 538-10,032-937-9392
488,인천광역시,검단점,인천 서구 검단로 487번길 5,032-569-2848
489,인천광역시,마전점,인천 서구 완정로 34번길 47,032-566-8295
490,인천광역시,만수2점,"인천 남동구 백범로 206번길 13(만수동 ,1층)",032-461-7735
491,인천광역시,만수3점,인천광역시 남동구 만수6동 1026-1,032-467-1717
492,인천광역시,주안4점,인천시 남구 주안4동 414-32,032-433-2490
493,인천광역시,주안점,인천 남구 주안8동 1528-14,032-431-2877
494,인천광역시,구월3점,인천시 남동구 구월동 1359-20,032-766-9981
495,인천광역시,연안점,인천 중구 항동7가 58-4 라이프상가 1-107,032-886-7851
496,인천광역시,용현점,인천광역시 남구 용현동 342-2,032-885-4229
497,인천광역시,송림3점,인천시 동구 송림동 60-31,032-764-7999
498,인천광역시,송림점,인천 동구 송림2동 55-1,032-773-3297
499,인천광역시,송도점,인천시 연수구 컨밴시아대로 42번길 12,032-834-6272
500,인천광역시,인천논현점,인천광역시 남동구 논고개로 86,032-435-5599
501,인천광역시,병방점,인천시 계양구 병방동 92-26,032-544-5592
502,인천광역시,케이준 계양점,인천시 계양구 용종동 214-1,032-553-3927
503,인천광역시,계산점,인천시 계양구 계수로1,032-551-0122
504,인천광역시,효성점,인천시 계양구 효성동 192-1 (104호),032-553-9595
505,인천광역시,산곡점,인천시 부평구 산곡동 317-116,032-524-8787
506,인천광역시,간석점,인천 남동구 간석동 113-1번지 102호,032-442-1406
507,인천광역시,구월점,인천 남동구 구월동 1248-44,032-466-6222
508,인천광역시,진두점,인천시 옹진군 영흥면 내리 8-200,032-888-5534
509,인천광역시,부개점,인천시 부평구 부개동 140-22,032-361-9951
510,인천광역시,케이준 삼산점,인천시 부평구 삼산동440-1삼산타운 1단지 B상가103호,032-330-8600
511,인천광역시,부평점,인천시 부평구 부평동 904-16,032-361-2555
512,인천광역시,주안2점,인천광역시 남구 주안2동 550-23,032-872-5028
513,인천광역시,동수역점,인천시 부평구 경인로 887,032-519-0555
514,인천광역시,학익점,인천시 남구 학익동665-3,032-874-2271
515,인천광역시,연수점,인천 연수구 연수동 497-7,032-818-2616
516,인천광역시,옥련청학점,인천 연수구 옥련동 367-7,031-831-8292
517,서울특별시,육사점,서울시 노원구 공릉동 공릉사서함 77-5,02-2197-5941
518,서울특별시,수유화계점,서울시 강북구 노해로17길 51,02-992-8881
519,서울특별시,창5점(쌍용),"서울특별시 도봉구 마들로 555, 101동",02-996-9292
520,서울특별시,미아삼거리점,서울 강북구 월계로 3길 68 2층,02-980-0401
521,서울특별시,광희점,"서울특별시 중구 마른내로 163,1층(광희동1가)",02-3273-9991
522,서울특별시,연희점,서울특별시 서대문구 증가로 34(연희동),02-325-9090
523,서울특별시,보문점,서울시 성북구 보문로109,02-953-5749
524,서울특별시,정릉점,"서울시 성북구 보국문로 75,102",02-909-5150
525,서울특별시,청구점,"서울시 중구 동호로12길 88(신당동,1층)",02-2231-5460
526,서울특별시,서교점,서울시 마포구 성미산로17길 84,02-3143-6623
527,서울특별시,방학점,서울시 도봉구 방학로 200-20,02-955-9696
528,서울특별시,북가좌점,서울시 서대문구 북가좌동 347-27,02-309-3430
529,서울특별시,경희대점,"서울특별시 동대문구 경희대로4길 79, 1층 105호 (이문동)",02-964-9292
530,서울특별시,후암점,서울시 용산구 동자동 19-33,02-755-9595
531,서울특별시,염리점,서울시 마포구 숭문4길 5,02-713-3340
532,서울특별시,도화점,서울시 마포구 도화1동 25-4,02-702-6692
533,서울특별시,이태원점,서울시 용산구 이태원동 225-60,02-797-7689
534,서울특별시,응봉점,서울시 성동구 응봉동 193-118 1층,02-2293-3600
535,서울특별시,응암점,서울시 은평구 응암동 239-18,02-354-2646
536,서울특별시,역촌점,서울시 은평구 역촌동 34-1,02-384-8008
537,서울특별시,우이점,서울시 강북구 우이동 72-65,02-902-1870
538,서울특별시,수유점,서울시 강북구 수유동 310-1,02-997-1745
539,서울특별시,번동점,서울특별시 강북구 번동 411-17,02-994-3232
540,서울특별시,창동점,서울특별시 도봉구 창동 804 대우APT 상가,02-995-6481
541,서울특별시,쌍문점,서울시 도봉구 시루봉로2길 66 1층 102호,02-900-3301
542,서울특별시,녹천점,서울특별시 도봉구 창동 38-1 주공17단지상가 101,02-995-4236
543,서울특별시,월계미성점,서울시 노원구 월계동 17 미성상가 103,02-975-8892
544,서울특별시,공릉점,서울특별시 노원구 공릉동 270-70,02-948-7724
545,서울특별시,중곡점,서울시 광진구 중곡동 79-10,02-446-7831
546,서울특별시,면목점,서울시 중랑구 면목동 657-56,02-495-4716
547,서울특별시,신내점,서울시 중랑구 신내동 472-3 ,02-435-8438
548,서울특별시,공릉2점,서울특별시 노원구 공릉동 708 공릉 2단지 상가,02-948-7733
549,서울특별시,중계점,서울시 노원구 중계동 503 중계그린상가 B-107 ,02-971-4444
550,서울특별시,수락산점,"서울시 노원구 상계동 1110-6 종합상가 103,110,111호",02-936-4994
551,충청북도,칠금봉방점,충북 충주시 연수동 1245,043-853-9288
552,충청북도,청전점,충북 제천시 숭문로20길 26(의림동),043-648-9222
553,충청북도,지현점,충북 충주시 사직산8길 22(지현동),043-852-9991
554,충청북도,이류점,충북 충주시 대소원면 대소원1길 21,043-851-9289
555,충청북도,용산점,충북 충주시 용정2길 39-1(성남동),043-844-9292
556,충청북도,연수점,충북 충주시 금릉동 708-2,043-845-9201
557,충청북도,수안보점,충북 충주시 수안보면 장터1길 19,043-848-7278
558,충청북도,부강점,충북 충주시 교현동 1087,043-843-5163
559,충청북도,금가점,충북 충주시 금가면 강수로 335,043-853-9191
560,충청북도,충북혁신도시점,충북 진천군 덕산면 연미로 87-1 상가1층,043-534-6300
561,충청북도,오창호수공원점,충청북도 청주시 청원구 오창읍 양청리 752-4 102호,043-213-0215
562,충청북도,음성점,충청북도 음성군 음성읍 시장로 43 ,043-872-1138
563,충청북도,탑동점,충청북도 청주시 상당구 탑동로1번길 104 ,043-255-1686
564,충청북도,괴산점,충청북도 괴산군 괴산읍 동부리 627-20,043-833-9959
565,충청북도,가경점,충북 청주시 가경동1137번지,043-232-9999
566,충청북도,봉명점,충청북도 청주시 흥덕구 봉명로149번길 6,043-265-9993
567,충청북도,부윤점,충청북도 음성군 대소면 대동로 515 ,043-877-7633
568,충청북도,강서점,충청북도 청주시 흥덕구 서현중로 56 ,043-238-3382
569,충청북도,감곡점,충청북도 음성군 감곡면 장감로 189 ,043-881-5538
570,충청북도,진천점,충청북도 진천군 진천읍 문화2길 12,043-534-8292
571,충청북도,복대점,충청북도 청주시 흥덕구 성봉로 267 ,043-236-1717
572,충청북도,석교점,충청북도 청주시 상당구 영운로 140 ,043-254-2851
573,충청북도,소라점,충청북도 청주시 상당구 원봉로 25 신라아파트 상가 111호,043-293-3973
574,충청북도,충북덕산점,충청북도 진천군 덕산면 초금로 757-2,043-536-3521
575,충청북도,영동점,충청북도 영동군 영동읍 영산로1길 3 ,043-742-1213
576,충청북도,옥천점,충청북도 옥천군 옥천읍 금장로 113 ,043-733-1725
577,충청북도,용산점,충청북도 영동군 용산면 용산로 307,043-742-1212
578,충청남도,배방북수점,충청남도 아산시 배방읍 배방로173번길 20-18 ,041-541-3092
579,충청남도,용화점,충청남도 아산시 온중로 20,041-541-9292
580,충청남도,신양점,충청남도 예산군 신양면 청신로 389 ,041-331-0799
581,충청남도,동문점,충청남도 서산시 한마음2로 49 ,041-665-9777
582,충청남도,서면점,충청남도 서천군 서면 서인로 361,041-953-9282
583,충청남도,석문점,충청남도 당진시 석문면 해명4로3길 34,041-356-9700
584,충청남도,강경점,충청남도 논산시 강경읍 계백로153번길 4 ,041-745-1121
585,충청남도,한진포구점,충청남도 당진시 송악읍 한진포구길 27 ,041-358-0421
586,충청남도,예산덕산점,충청남도 예산군 덕산면 봉운로 21,041-337-5311
587,충청남도,대천동점,충청남도 보령시 남대천로 73 ,041-934-9294
588,충청남도,신평점,충청남도 당진시 신평면 신평로 820,041-362-9233
589,충청남도,온양1동점,충청남도 아산시 번영로 71 ,041-546-1077
590,충청남도,논산점,충청남도 논산시 부창로100번길 13-19,041-736-6262
591,충청남도,신암점,충청남도 예산군 신암면 추사로 206,041-332-4652
592,충청남도,서천점,충청남도 서천군 서천읍 충절로29번길 18,041-953-9259
593,충청남도,신정점,충청남도 아산시 온천대로 1333번길 15,041-549-0662
594,충청남도,엄사점,충청남도 계룡시 엄사면 엄사중앙로 65-10 동아아파트 상가 106호 ,042-840-9282
595,충청남도,인주점,충청남도 아산시 인주면 현대로 1032 ,041-533-6467
596,충청남도,음암점,충청남도 서산시 음암면 상홍리 155-3 우리아파트상가 ,041-663-1211
597,충청남도,당진1점,충청남도 당진시 밤절로 103,041-357-9205
598,충청남도,웅천점,충청남도 보령시 웅천읍 장터중앙길 126 ,041-933-2338
599,충청남도,안면점,충청남도 태안군 안면읍 장터로 140-1 ,041-674-0097
600,충청남도,인지점,충청남도 서산시 인지면 무학로 1728 ,041-669-9923
601,충청남도,금산점,충청남도 금산군 금산읍 금산로 1465,041-753-4808
602,충청남도,부여점,충청남도 부여군 부여읍 석탑로 3 ,041-832-6979
603,충청남도,샘마을점,충청남도 아산시 신창면 남성길 99,041-533-0041
604,충청남도,모종점,충청남도 아산시 모종동 577-13 ,041-544-3910
605,충청남도,천북점,충청남도 보령시 천북면 하궁길 10,041-641-2461
606,충청남도,공주1점,충청남도 공주시 우금티로 755 2층 ,041-856-5455
607,충청남도,해미점,충청남도 서산시 해미면 남문1로 47 ,041-688-6662
608,충청남도,모항점,충청남도 태안군 소원면 모항파도로 113 ,041-672-9044
609,충청남도,원북점,충청남도 태안군 원북면 원이로 841-4 ,041-672-3599
610,충청남도,명지점,충청남도 서산시 대산읍 물안1로 123 ,041-664-2564
611,충청남도,두정2점,충청남도 천안시 서북구 두정역서1길 4-12 다온빌리지 1층상가 ,041-566-1111
612,충청남도,목천점,충청남도 천안시 동남구 목천읍 교천지산길 16 ,041-558-9993
613,충청남도,장재점,충청남도 아산시 배방읍 연화로 36 연화마을8단지 상가2동 104호 ,041-534-5592
614,충청남도,성거점,충청남도 천안시 서북구 성거읍 송남리 585,041-522-0550
615,충청남도,초원점,충청남도 아산시 음봉면 음봉로681번길 24 초원아파트109-101호 ,041-531-9295
616,충청남도,신방점,충청남도 천안시 동남구 수곡2길 5 ,041-575-6236
617,충청남도,청수점,충청남도 천안시 동남구 풍세로 932 ,041-567-4241
618,충청남도,입장점,충청남도 천안시 서북구 입장면 입장로 121 초원상가6-103호 ,041-584-5694
619,충청남도,쌍용봉명점,충청남도 천안시 서북구 봉서5길 18 ,041-579-9990
620,충청남도,백석점,충청남도 천안시 서북구 백석4길 12,041-523-9288
621,충청남도,쌍용월봉점,충청남도 천안시 서북구 월봉4로 140-16 월봉태영아파트상가 107호 ,041-571-9292
622,충청남도,북면중앙점,충청남도 천안시 동남구 북면 상동리 86-14 중앙아파트 상가 16호 ,041-555-7874
623,충청남도,성환점,충청남도 천안시 서북구 성환읍 성환중앙로 47 ,041-581-9369
624,충청남도,직산점,충청남도 천안시 서북구 성거읍 봉주로 111 ,041-583-6161
625,충청남도,차암공단점,충청남도 천안시 서북구 직산읍 2공단5로 169 대림상가 105호 ,041-621-9292
626,충청남도,두정1점,충청남도 천안시 서북구 늘푸른5길 22 골드프라자 110호 ,041-551-3392
627,충청남도,성정점,충청남도 천안시 서북구 서부16길14,041-575-5457
628,충청남도,신부점,충청남도 천안시 동남구 터미널2로 32 (신부동729번지),041-563-9292
629,충청남도,남부점,충청남도 천안시 동남구 풍세로 769-28,041-592-9245
630,충청남도,10단지점,충청남도 천안시 서북구 봉서산샛길 64 상가102호 ,041-578-5592
631,전라북도,조촌점,전북 군산시 조촌로 68 (조촌동),063-451-7666
632,전라북도,정읍수성점,전북 정읍시  중앙로95(수성동),063-535-3773
633,전라북도,익산영등점,전북 익산시 고봉로22길 31 (영등동),063-852-9982
634,전라북도,수송점,전북 군산시 월명로 305(수송동),063-466-7666
635,전라북도,산북소룡점,전북 군산시 칠성안1길 17(산북동 104호),063-471-9282
636,전라북도,미장점,전북 군산시 미장남로 36(미장동),063-468-9282
637,전라북도,미룡군산대점,전북 군산시 미제1길 6(미룡동),063-462-9299
638,전라북도,만경점,전북 김제시 만경읍 만경로 804,063-545-3286
639,전라북도,나운지곡점,전북 군산시 신평길 33-2(지곡동),063-463-9285
640,전라북도,나운1점,전북 군산시 상나운로 86(나운동),063-463-8292
641,전라북도,김제점,전북 김제시 동서로 133(요촌동),063-542-8292
642,전라북도,김제신풍점,전북 김제시 검산택지5길 21-7(검산동),063-544-9282
643,전라남도,홍농점,전남 영광군 홍농읍 홍농로 457-9,061-356-4848
644,전라남도,현산점,전남 해남군 현산면 탑동리길 5(6),061-533-4858
645,전라남도,해남화원점,전남 해남군 화원면 금평리 236-3,061-532-1353
646,전라남도,해남점,전남 해남군 해남읍 해남로 4,061-533-3133
647,전라남도,한라삼호점,전남 영암군 삼호읍 신항로 80(2층),061-462-6636
648,전라남도,하당점,전남 목포시 하당로30번길 12(상동),061-284-2004
649,전라남도,퀸스빌점,전남 영암군 삼호읍 삼호중앙로 129 (퀸스빌2차아파트 상가 101동 102호),061-462-9289
650,전라남도,창평점,전남 담양군 창평면 의병로 137,061-383-7900
651,전라남도,진도점,전남 진도군 진도읍 남동리 쌍정2길 30,061-542-3939
652,전라남도,중동점,전남 광양시 진등길 10(중동),061-793-8599
653,전라남도,용해점,전남 목포시 용당로 271-1(용해동),061-277-3168
654,전라남도,오성점,전남 광양시 광양읍 대림오성로 112,061-763-9550
655,전라남도,영광점,전남 영광군 영광읍 중앙로2길 12-15,061-351-9944
656,전라남도,압해도,전남 신안군 압해면 압해로 889,061-271-1618
657,전라남도,안좌도점,"전남 신안군 안좌면 김환기길 1-2,1층",061-261-8855
658,전라남도,신안인스빌점,"전남 목포시 삼학로 363, 상가동 113호(용해동)",061-277-9282
659,전라남도,순천대학점,"전남 순천시 중앙로 270,1층(석현동)",061-751-2651
660,전라남도,송지점,전남 해남군 송지면 산정1길 92,061-535-5554
661,전라남도,서면용당점,전남 순천시 서면 강청길 88(1층),061-753-8295
662,전라남도,상동점,전남 목포시 상리로1번길 16(상동),061-274-3999
663,전라남도,산정점,전남 목포시 고하대로 656(산정동),062-278-0090
664,전라남도,법성점,전남 영광군 법성면  연우로4(법성리),061-356-8185
665,전라남도,미평점,전남 여수시 미평로 52 1층(미평동),061-651-9166
666,전라남도,문수점,전남 여수시 문수로 72(문수동),061-651-3886
667,전라남도,무안점,"전남 무안군 무안읍 면성2길 55(3,4)",061-453-7077
668,전라남도,동정점,전남 여수시 하멜로 18(고소동),061-654-9292
669,전라남도,돌산점,전남 여수시 돌산읍 강남8길 30(돌산1차청솔아파트 상가동 102호),061-644-2777
670,전라남도,도초비금점,전남 신안군 도초면 불섬길 85-12,061-275-6622
671,전라남도,덕양점,전남 여수시 소라면 주삼덕양로 3,061-683-8352
672,전라남도,대불점,전남 영암군 삼호읍 대불주거1로5길 17,061-462-0092
673,전라남도,담양대치점,전남 담양군 대전면 추성1로 162,061-383-2252
674,전라남도,남창점,전남 해남군 북평면 볼무당길 5,061-533-0805
675,전라남도,남악점,"전남 무안군 삼향읍 남악5로46번길 22, 111호(황금먹거리장터)",061-984-8292
676,전라남도,국동점,전남 여수시 국동 994-3,061-642-5272
677,전라남도,광영점,전남 광양시 광영로 97(광영동),061-794-9982
678,전라남도,광양점,전남 광양시 광양읍 호북길22,061-762-8154
679,전라남도,곡성점,전남 곡성군 곡성읍 중앙로 141,061-363-7870
680,전라남도,강진점,전남 강진군 강진읍 영랑로3길 10,061-434-7722
681,울산광역시,매곡월드점,"울산광역시 북구 매산로 35, 101호(매곡동, 매곡동월드프라자)",052-298-3005
682,울산광역시,천곡점,"울산광역시 북구 관문길 6-1, 지상1층(천곡동)",052-292-9298
683,울산광역시,쌍용아진점,"울산광역시 북구 신답로40, 102(상안동,지팝프라자)",052-282-9255
684,울산광역시,호계점,울산 북구 호계동 255-8,052-286-9984
685,울산광역시,화봉점,울산광역시 북구 두부곡 7길 1,052-287-9007
686,울산광역시,서동점(울산),"울산 중구 병영성 3길 9(서동,1층)",052-293-9222
687,울산광역시,반구점,울산 중구 화합로 395(반구동),052-285-0272
688,울산광역시,학성점,울산 중구 학성동 189-1,052-297-0067
689,울산광역시,태화점,울산 중구 신기2길 4(태화동),052-245-1220
690,울산광역시,다운점,울산광역시 중구 운곡8길 48(다운동),052-222-2597
691,울산광역시,무거점,"울산광역시 남구 신복로 13, 1층(무거동)",052-222-9288
692,울산광역시,옥동점,울산광역시 남구 문수로 369번길 10-1(옥동),052-269-9293
693,울산광역시,명촌점,"울산광역시 북구 명촌로 81, 1층(명촌동)",052-289-1400
694,울산광역시,양정점,"울산광역시 북구 염포로 555(양정동,1층)",052-287-9236
695,울산광역시,남목점,울산 동구 미포2길 50(동부동),052-235-9446
696,울산광역시,전하1호점,"울산광역시 동구 전하로 8, 1층(전하동",052-234-3467
697,울산광역시,일산점,울산광역시 동구 방어진순환도로 709(일산동),052-235-3133
698,울산광역시,방어진점,울산광역시 동구 동진2길 17(방어동),052-201-9338
699,울산광역시,삼산점,울산 남구 삼산동 삼산중로 114번로 23,052-260-8293
700,울산광역시,달동점,울산 남구 삼산로 254번길 23,052-257-7111
701,울산광역시,신정1호점,울산광역시 남구 월평로 69(신정동),052-261-0321
702,울산광역시,야음점,울산 남구 야음동 459-52,052-267-9292
703,울산광역시,야음변전소점,울산광역시 남구 처용로 26번길 10(야음동),052-275-4606
704,울산광역시,덕하점,울산광역시 울주군 청량면 삼정로 769,052-268-7943
705,울산광역시,덕신점,"울산광역시 울주군 온산읍 신온8길 18, 1층 102호",052-238-1882
706,울산광역시,나사리점,울산광역시 울주군 서생면 나사해안길 61-1,052-238-3355
707,울산광역시,훼미리점,울산 울주군 상북면 궁근정리 846-14 진우훼미리상가 102,052-264-5848
708,울산광역시,언양점,울산 울주군 언양읍 남문길 14,052-263-9222
709,세종특별자치시,연동점,세종특별자치시 연동면 청연로 655,044-865-9911
710,세종특별자치시,전동점,세종특별자치시 전동면 운주산로 346,044-858-8883
711,부산광역시,남산점,부산 금정구 남산동 27-50,051-515-9996
712,부산광역시,부산외대점,부산광역시 금정구 남산로 2-1(남산동),051-517-9989
713,부산광역시,길천점,부산 기장군 장안읍 길천리 224-5,051-727-3097
714,부산광역시,좌천점,부산 기장군 장안읍 좌천리 202-6,051-727-0807
715,부산광역시,일광점,부산광역시 기장군 일광면 삼성리 33-1,051-722-1515
716,부산광역시,기장점,부산광역시 기장군 기장읍 차성로 288번길 66,051-721-5577
717,부산광역시,서동점(부산),부산 금정구 서동 205-13,051-531-2557
718,부산광역시,명장2호점,"부산광역시 동래구 반송로 339번길 8, 1동 101호(명장동,협진태양아파트상가)",051-522-9285
719,부산광역시,강동점,부산 강서구 강동동 112-4,051-971-1244
720,부산광역시,공항점,부산광역시 강서구 공항로 811번길 65(대저2동),051-971-9282
721,부산광역시,스마트W개금점,"부산광역시 부산진구 가야대로 411, 1층 105호(개금동,개금역스마트더블유)",051-893-1116
722,부산광역시,개금엘지점,"부산광역시 부산진구 백양대로 309(개금동,(1층))",051-896-4480
723,부산광역시,개금주공점,"부산광역시 부산진구 백양대로 136번길 37-9,1층(당감동,당평교회)",051-891-2577
724,부산광역시,금곡점,"부산광역시 북구 금곡대로 470번길 35,105(금곡동,유림상가)",051-361-4148
725,부산광역시,화명점,부산 북구 화명1동 1130-9,051-341-3392
726,부산광역시,구포1호점,부산광역시 북구 구포시장길 44(구포동),051-337-7377
727,부산광역시,구포3호점,부산광역시 북구 시랑로 72-1(구포동),051-336-1244
728,부산광역시,덕천점,부산 북구 덕천동 의성로 115번길 3,051-338-9977
729,부산광역시,만덕점,부산 북구 만덕2로 32(만덕동),051-331-5877
730,부산광역시,온천장점,부산광역시 동래구 금강로 90(온천동),051-556-9233
731,부산광역시,장전점,부산광역시 금정구 금정로 149번길 8(장전동),051-583-6262
732,부산광역시,미남점,"부산광역시 동래구 여고북로 109 (온천동,1층)",051-503-8292
733,부산광역시,사직국민시장점,"부산광역시 동래구 사직북로 63번길 33-1,1층(사직동)",051-501-1812
734,부산광역시,사직운동장점,"부산광역시 동래구 여고로 7, 1층(사직동)",051-505-9283
735,부산광역시,거제점,부산 연제구 아시아드대로 46번길 7(거제동),051-502-9943
736,부산광역시,연산본점,부산광역시 연제구 쌍미천로 126(연산동),051-851-1253
737,부산광역시,망미배산점,부산 연제구 망미1동 831-26번지,051-751-0026
738,부산광역시,전포점,"부산 부산진구 전포동 전포대로294,2-101(전포동한신상가)",051-804-9280
739,부산광역시,범천점,부산광역시 부산진구 범천1동 850-1,051-637-8222
740,부산광역시,문현2호점,부산광역시 남구 전포대로 77번길 9-2(문현동),051-631-2568
741,부산광역시,문현점,부산 남구 문현동 351-6,051-635-9294
742,부산광역시,감만점,부산 남구 감만동 146-1,051-631-9288
743,부산광역시,대연점,부산광역시 남구 석포로 79(대연동),051-622-9254
744,부산광역시,용호시장점,"부산광역시 남구 용호로 190, 1층(용호동)",051-623-0202
745,부산광역시,용호점,부산광역시 남구 동명로 121(용호동),051-611-9201
746,부산광역시,대연1호점,부산 남구 대연동 290-11,051-625-1331
747,부산광역시,남천점,"부산광역시 수영구 남천동로 7, 1층(남천동,장우빌딩)",051-624-9282
748,부산광역시,광안점,부산 수영구 광안동  537-2 ,051-757-7781
749,부산광역시,수비점,"부산광역시 해운대구 해운대로 383번 가길 19, 101호(우동, 삼진그린아파트상가)",051-818-7272
750,부산광역시,송정점,부산 해운대구 송정동 200-19,051-704-7977
751,부산광역시,신도시2호점,부산 해운대구 좌동 1288 대동타운분산상가 203,051-701-3331
752,부산광역시,우동1호점,부산 해운대구 우동1로 58(우동),051-742-7860
753,부산광역시,수영점,부산광역시 수영구 수영로 725번길 14(수영동),051-757-4004
754,부산광역시,망미점,부산광역시 수영구 구락로 85-2,051-758-7747
755,부산광역시,재송점,부산광역시 해운대구 재송1로 54,051-784-1801
756,부산광역시,반여2동점,"부산광역시 해운대구 해운대로 61번길 98-1, 1층 (반여동)",051-782-3392
757,부산광역시,반여점,부산광역시 해운대구 반여로 167번길 70(반여동),051-524-0238
758,부산광역시,안락점,부산광역시 동래구 충렬대로 428번길 50(안락동),051-525-1105
759,부산광역시,연산토곡점,부산광역시 연제구 과정로 269-1(연산동),051-868-9011
760,부산광역시,학장점,부산 사상구 학장동 574-111 삼성아파트상가 1-102,051-316-1999
761,부산광역시,하단1호점,"부산광역시 사하구 하신번영로 360(하단동, 1층 우측)",051-293-9266
762,부산광역시,가락새신평점,부산 사하구 하신번영로 171(신평동) 31,051-201-3101
763,부산광역시,장림점,부산 사하구 장림동 604-209,051-264-5959
764,부산광역시,다대자유점,"부산광역시 사하구 다대로 617, 상가동 102호(다대동, 자유아파트)",051-261-9955
765,부산광역시,다대점,부산광역시 사하구 다대로 397(다대동),051-263-5567
766,부산광역시,신평점,부산 사하구 신평1동 33-168  24/1,051-206-1097
767,부산광역시,당리점,부산 사하구 당리동 324-27,051-294-8292
768,부산광역시,괴정1호점,부산 사하구 까치고개로 10(괴정동),051-207-7227
769,부산광역시,동해점,부산 서구 남부민동 33-6 흥아맨션 307호 ,051-255-8228
770,부산광역시,감천점,"부산광역시 사하구 감천로 111, 1층(감천동)",051-201-1235
771,부산광역시,동삼점,부산광역시 영도구 동삼로 77(동삼동),051-404-9282
772,부산광역시,청학점,"부산광역시 영도구 청학로 32, 4층 2호(청학동)",051-413-4423
773,부산광역시,초량본점,부산 동구 초량동 460-5 ,051-463-2167
774,부산광역시,동구청점,부산광역시 동구 수정로 18(수정동),051-441-9985
775,부산광역시,범천2호점,"부산광역시 부산진구 가야대로 702, 101동 103호(범천동, 서면 e-편한세상상가)",051-803-1992
776,부산광역시,주례점,부산 사상구 가야대로 306번길 69(주례동),051-315-9292
777,부산광역시,가야점,부산 부산진구 가야대로 589번길 3(가야동),051-891-0787
778,부산광역시,당감1호점,부산광역시 부산진구 백양순환로 105(부암동),051-894-3999
779,부산광역시,부암점,"부산광역시 부산진구 시민공원로 19번길 38-6(부암동,1층)",051-806-6266
780,부산광역시,하마정점,"부산광역시 부산진구 범양로 113, 1층(양정동)",051-865-9246
781,대전광역시,한남대점,대전 대덕구 한남로 28 ,042-624-9100
782,대전광역시,어은점,대전 유성구 어은로48번길 9-5 ,042-861-9255
783,대전광역시,법동점,대전 대덕구 계족로663번길 23 ,042-633-0792
784,대전광역시,신탄로하스점,대전 대덕구 대덕대로 1583 ,042-936-2000
785,대전광역시,신성점,대전 유성구 신성로62번길 38,042-861-9222
786,대전광역시,원신흥점,대전 유성구 원신흥남로 58,042-826-4492
787,대전광역시,비래가양점,대전 대덕구 우암로 412,042-621-9982
788,대전광역시,부사점,대전 중구 대종로316번길 2,042-253-3588
789,대전광역시,둔산녹원점,대전 서구 계룡로491번길 28,042-487-2955
790,대전광역시,둔산타임월드점,대전 서구 갈마역로 10,042-471-6656
791,대전광역시,전민점,대전 유성구 전민로38번길 33,042-861-9005
792,대전광역시,도마점,대전 서구 도솔로 137,042-528-9238
793,대전광역시,관평점,대전 유성구 테크노1로 12-22,042-671-2100
794,대전광역시,월평3점,대전 서구 월평중로 50,042-383-7000
795,대전광역시,성남점,대전 동구 성남로 28,042-673-9044
796,대전광역시,둔산1점,대전 서구 둔산북로 175,042-482-7979
797,대전광역시,중리점,대전 대덕구 중리남로 48,042-622-9266
798,대전광역시,송촌2점,대전 대덕구 동춘당로54번길 40-6,042-622-9233
799,대전광역시,갈마점,대전 서구 갈마중로7번길 29,042-525-5163
800,대전광역시,신인점,대전 동구 계족로 87,042-283-4338
801,대전광역시,신탄1점,대전 대덕구 덕암로 222,042-933-1212
802,대전광역시,용운점,대전 동구 용운로147번길 123,042-284-8266
803,대전광역시,보문점,대전 중구 충무로 73,042-254-9942
804,대전광역시,대전삼성점,대전 동구 현암로 36,042-621-1504
805,대전광역시,대화점,대전 대덕구 동심1길 172,042-633-5592
806,대전광역시,관저1점,대전 서구 도안남로 148,042-545-3392
807,대전광역시,한밭점,대전 중구 보문산로 31,042-585-1188
808,대전광역시,태평점,대전 중구 수침로55번길 7,042-525-6720
809,대전광역시,용두점,대전광역시 중구 중앙로 13번길 63,042-256-9595
810,대전광역시,목동점,대전광역시 중구 목중로19번길 7,042-222-2092
811,대전광역시,송촌1점,대전광역시 대덕구 계족로690번길 21 선비마을1단지상가 104,042-672-9911
812,대전광역시,노은1점,대전광역시 유성구 은구비로 18,042-476-9223
813,대전광역시,장대점,대전 유성구 문화원로 13,042-822-8892
814,대전광역시,월평1점,대전광역시 서구 월평새뜸로8번길 50,042-485-0145
815,대전광역시,괴정점,대전광역시 서구 도산로369번길 91,042-536-0124
816,대전광역시,산호점,대전광역시광역시 서구 계룡로571번길 65 상가 103호,042-488-2285
817,대전광역시,둔산삼천점,대전광역시광역시 서구 둔산북로 215,042-482-1363
818,광주광역시,하남점,광주광역시 광산구 월곡반월로 28(월곡동 1동),062-951-5912
819,광주광역시,주월점,광주 남구 서문대로 749번길 15-1(주월동),062-673-7334
820,광주광역시,일곡점,광주 북구 설죽로 585-1(일곡동),062-572-9600
821,광주광역시,운암동림점,광주 북구 운암1동 930-8,062-531-4898
822,광주광역시,양산첨단2점,광주광역시 북구 임방울대로1041번길 24(용두동 1층),062-574-8292
823,광주광역시,송하풍암점,광주 남구 송하동 258-7,062-676-9252
824,광주광역시,송정점,"광주광역시 광산구 송도로 319, 1층(송정동)",062-941-9979
825,광주광역시,문흥1점,광주 북구 대천로 139번길 8-7(문흥동),062-267-8511
826,광주광역시,두암타운점,광주 동구 산수동 밤실로 147 (두암타운상가 105호),062-261-2962
827,경상북도,모동점,경북 상주시 모동면 용호1길 25,054-536-9282
828,경상북도,영주1호점,경북 영주시 대학로 261번길 36(가흥동),054-631-7711
829,경상북도,안계점,경북 의성군 안계면 안계길 118,054-862-6999
830,경상북도,신안점,경북 안동시 안막동 69-9,054-852-4273
831,경상북도,옥동점,경북 안동시 옥동768-1 세영APT 상가동 104호,054-843-0303
832,경상북도,의성역점,경북 의성군 의성읍 문소3길 89,054-832-6225
833,경상북도,성동점,경북 상주시 성동 193 - 3 번지,054-536-1442
834,경상북도,낙양점,경북 상주시 낙양동 199-1,054-535-0599
835,경상북도,휴천점,경북 영주시 영주로 330번길 56(휴천동),054-636-9636
836,경상북도,진보점,경북 청송군 진보면 진안79-2,054-653-8893
837,경상북도,점촌점,경북 문경시 모전동 52-9,054-552-5882
838,경상북도,예천점,경북 예천군 예천읍 효자로 65,054-653-8892
839,경상북도,법원점,경상북도 포항시 북구 법원로 154 (양덕동),054)-252-9946
840,경상북도,평해점,경북 울진군 평해읍 평해리 58 2층,054-787-8483
841,경상북도,황성점,경북 경주시 용담로 116번길  61-5    103동  101호 신흥2차,054-773-5408
842,경상북도,시래점,경북 경주시 구매3길 28(시래동),054-771-7980
843,경상북도,안강점,경북 경주시 안강읍 양월5리1199-14,054-761-0087
844,경상북도,보문점,경북 경주시 신평동 150-9,054-748-7484
845,경상북도,황오점,경북 경주시 황오동 원효로 174,054-745-7501
846,경상북도,영덕점,경북 영덕군 영덕읍 남석1리  148,054-732-1313
847,경상북도,영천점,경북 영천시 야사동 283-38,054-334-9709
848,경상북도,오천점,경북 포항시 남구오천읍용덕리322-15,054-292-1128
849,경상북도,연일점,경상북도 포항시 남구 연일읍 철강로25번길 52,054-278-9907
850,경상북도,동해점,경북 포항시 남구동해면 약전1리291-1,054-284-4957
851,경상북도,효자점,경북 포항시 남구 효자동 308-16,054-282-3324
852,경상북도,흥해점,경북 포항시 북구 흥해읍 흥해로 21,054-261-7786
853,경상북도,환호점,경북 포항시 북구환호동512-7,054-252-6588
854,경상북도,기계점,경북 포항시 북구 기계면 현내리 404-5,054-246-0088
855,경상북도,감포점,경북 경주시 감포읍 감포리 50-2,054-777-3457
856,경상북도,달전점,경북 포항시 북구 흥해읍 달전로 365,054-261-7892
857,경상북도,북면점,경북 울진군 북면 덕구온천로 28,054-783-0747
858,경상북도,용강점,경북 경주시 승삼3길 18-1(용강동),054-777-4262
859,경상북도,충효점,경북 경주시 충효녹지길 128-9(충효동),054-742-8285
860,경상북도,아화점,경북 경주시 서면 내서로 406,054-751-0331
861,대구광역시,신암점,대구광역시 동구 신암4동612-53,053-958-3999
862,경상북도,성주점,경북 성주군 성주읍 성산리 2098-2번지,054-931-9292
863,경상북도,선남점,경북 성주군 선남면 관화리670-3,054-931-1116
864,경상북도,진량점,경북 경산시 진량읍 신상리 205-1,053-851-9959
865,대구광역시,범물2호점,대구광역시 수성구 범물동1369-11,053-782-7631
866,대구광역시,두산들안점,대구광역시 수성구 들안로20길 41,053-763-1002
867,대구광역시,효신점,대구광역시 동구신천4동436-7,053-756-6114
868,대구광역시,범어점,대구광역시 수성구 범어4동114-1,053-745-5598
869,대구광역시,진천사랑점,대구광역시 달서구 월배로 32-1 진천우체국,053-643-0006
870,대구광역시,화원점,대구광역시 달성군 화원읍 화원로 1길 12,053-636-9995
871,대구광역시,상인점,대구광역시 달서구 상인동 1474-1 보성산호상가 102호,053-636-4333
872,대구광역시,대명1호점,"대구광역시 남구 안골길 15,1층",053-622-9888
873,대구광역시,논공점,대구광역시 달성군 논공읍 북리 803-142,053-615-0697
874,대구광역시,현풍점,대구광역시 달성군 현풍면 중리295-1,053-611-9233
875,대구광역시,매곡점,대구광역시 달성군 다사읍 매곡리 1549-1,053-586-9983
876,대구광역시,감삼점,대구광역시 달서구 감삼동205-12,053-566-0292
877,대구광역시,중평점,대구광역시 서구 국채보상로34길12.129-119,053-559-9989
878,경상북도,신천점,대구광역시 동구 신천동633 동신우방상가108-108,053-422-9277
879,대구광역시,방촌점,대구광역시 동구 방촌동902-7 현대상가,053-984-3185
880,대구광역시,시지1호점,대구광역시 수성구 노변공원로1길 6-5(시지동),053-793-9960
881,대구광역시,두류내당점,"대구광역시 달서구 야외음악당로 163, 1충(두류동)",053-654-2064
882,대구광역시,대명계대점,대구광역시 남구 대명3동2262-47번지,053-652-9982
883,대구광역시,명곡점,대구광역시 달성군 화원읍 상암로71201호2층,053-644-9902
884,대구광역시,죽곡점,대구광역시 달성군 다사읍 대실역남로 4길 30-26,053-586-8870
885,대구광역시,산격점,대구광역시 북구 대동로 45(산격동),053-951-8890
886,경상북도,동명점,경북 칠곡군 동명면 금암중앙길 42,054-976-7981
887,경상북도,삼청공단점,경북 칠곡군 왜관읍 삼청리410-32,054-973-4489
888,경상북도,왜관점,경북 칠곡군 왜관읍왜관리774,054-971-4110
889,경상북도,석적중리점,경북 칠곡군 석적읍 중리201-10,054-971-3825
890,대구광역시,용산점,"대구광역시 달서구 와룡로49길 103,1층",053-563-9997
891,대구광역시,서재점,대구광역시 달성군 다사읍 서재리 서재로 108,053-585-8145
892,대구광역시,성서1호점,대구광역시 달서구 이곡동 752-19,053-582-1256
893,경상북도,고아점,경북 구미시 고아읍 오로리 460-1에덴상가 203호,054-481-3006
894,경상북도,옥계점,경북 구미시 구포동671-2,054-475-9950
895,경상북도,산동점,경북 구미시 산동면 강동로 1028-6,054-475-8299
896,경상북도,진평점,경북 구미시 진평동458,054)-471-1741
897,경상북도,구미1호점,경북 구미시 신평1동150-17,054)-463-4545
898,경상북도,상모점,경북 구미시 상사서로 92(상모동.마동1층),054)-462-9982
899,경상북도,원평점,경북 구미시 남통동14-44,054)-458-6117
900,경상북도,도량점,경북 구미시 도량동245-2,054)-442-1414
901,경상북도,원호점,경북 구미시 고아읍 원호리 449번지,054)-441-1033
902,경상북도,대곡점,경북 김천시 부곡동 990-1,054-437-8292
903,경상북도,직지점,경북 김천시 대항면복전리548-32,054-436-8998
904,경상북도,신음점,경북 김천시 신음동1302-5,054-435-2292
905,대구광역시,침산점,대구광역시 북구 침산동456-7침산2지구아파트101-12,053-353-9959
906,경상북도,인의황상점,경북 구미시 여헌로14길 10,054-474-7940
907,경상북도,덕곡율곡점,"경북 김천시 아포대로 22, 외2필지(덕곡동)",054-437-9992
908,경상북도,아포점,경북 김천시 아포읍 국사리 1047번지102호,054-431-0082
909,경상북도,지좌점,경북 김천시 황산2길 36 (지좌동),054-434-1919
910,대구광역시,팔달점,대구광역시 서구 서대구로68길 58(비산동),053-352-9959
911,대구광역시,칠곡2지구점,대구광역시 북구 구암동 684-5,053-326-9949
912,대구광역시,태전점,"대구광역시 북구 칠곡중앙대로53길32,상가동107호",053-311-9930
913,대구광역시,금호샛별점,대구광역시 북구 한강로 6길3.1층(사수동),053-311-7999
914,경상남도,회원1동점,경남 창원시 마산회원구 회원동 29-15,055-244-0116
915,경상남도,합천점,"경남 합천군 합천읍 옥산로 57-1, 1층",055-931-0388
916,경상남도,합성점,창원시 마산회원구 합성동 322-42,055-297-4406
917,경상남도,함안점,경남 함안군 함안면 북촌2길 64,055-583-8592
918,경상남도,하동점,경남 하동군 하동읍 중앙2길 10-4,055-884-1377
919,경상남도,팔용점,창원시 의창구 팔용동 194-7 1층,055-297-9218
920,경상남도,통영1점,"경남 통영시 중앙로 255, 103호(북신동,동우상가동)",055-649-9233
921,경상남도,태룡점,밀양시 단장면 태룡리 407-5,055-356-0274
922,경상남도,칠원점,경남 함안군 칠원읍 구성길 3,055-587-3037
923,경상남도,창선점,경남 남해군 창선면 상죽리 131,055-867-4406
924,경상남도,진성점,"경남 진주시 진성면 동부로 1348, 2층",055-758-3236
925,경상남도,지산점,창원시 마산합포구 진북면 지산리 250-16,055-271-4348
926,경상남도,지곡점,경남 함양군 지곡면 병곡지곡로 963-1,055-963-6050
927,경상남도,중앙점,"경남 진주시 진주대로 1022-1, 1층(동성동)",055-747-7992
928,경상남도,주공점,"경남 거제시 성산로 20, 1층(옥포동, 무지개타운상가)",055-687-6333
929,경상남도,제일점,경상남도 밀양시 밀양대로 1781-1(삼문동),055-354-8592
930,경상남도,장평점,경남 거제시 장평동 626-8,055-637-1950
931,경상남도,자은점,창원시 진해구 자은동 975-12 1층 102호,055-551-9991
932,경상남도,자산점,창원시 마산합포구 자산동 189-3,055-248-1581
933,경상남도,일반성점,경남 진주시 일반성면 창촌리 47-1,055-754-6786
934,경상남도,위천점,경남 거창군 위천면 장기리 418-18,055-942-6102
935,경상남도,웅천점,창원시 진해구 북부동 560-4 대풍연립 101,055-545-1996
936,경상남도,웅양점,경남 거창군 웅양면 웅양로 1428,055-942-8858
937,경상남도,용현점,경상남도 사천시 용현면 진삼로 626,055-832-7772
938,경상남도,용원점,경남 창원시 진해구 안골로298번길 26 푸르지오 상가 1동 104호,055-552-1881
939,경상남도,옥포점,경남 거제시 옥포동 546-18,055-687-9292
940,경상남도,옥수점,경남 거제시 능포동 717-2,055-681-9252
941,경상남도,안의점,경남 함양군 안의면 금천리 160-5,055-962-0185
942,경상남도,신월점,"경상남도 창원시 의창구 창이대로570번길 13-3, 1층 107호(신월동)",055-264-9248
943,경상남도,신반점,경남 의령군 부림면 신반리 168-9,055-574-7709
944,경상남도,수월점,"경상남도 거제시 수양로 494, 1층 101(일부)호(양정동)",055-636-9297
945,경상남도,수산점,경상남도 밀양시 하남읍 시서상가길 11,055-391-5008
946,경상남도,수동점,경남 함양군 수동면 화산리 1201-6,055-963-2292
947,경상남도,서상점,경남 함양군 서상면 서상로 263,055-963-8834
948,경상남도,상봉점,경남 진주시 북장대로 81번길 11(상봉동),055-746-9253
949,경상남도,삼랑진점,경남 밀양시 삼랑진읍 만어로 8-4 1층,055-351-2305
950,경상남도,삼계점,창원시 마산회원구 내서읍 삼계리 637번지,055-232-9222
951,경상남도,삼가점,경남 합천군 삼가면 삼가중앙길 21-18,055-932-9919
952,경상남도,산호점,경상남도 창원시 마산합포구 산호남로 6(산호동),055-245-0272
953,경상남도,산청점,경상남도 산청군 산청읍 친환경로 2668,055-973-7323
954,경상남도,산복점,"경남 창원시 마산회원구 회원남로 14(회원동, 102호)",055-245-5092
955,경상남도,사파점,"경상남도 창원시 성산구 창이대로663번길 5, 102-1호(사파동,미남빌딩)",055-267-8889
956,경상남도,사곡점,"경상남도 거제시 사등면 두동로 30, 지하1층 206호(경남아너스빌상가)",055-633-7060
957,경상남도,부곡점,경남 창녕군 부곡면 온천중앙로 46,055-536-7709
958,경상남도,봉평점,"경상남도 통영시 데메4길 45, 1호(도남동,세인상가)",055-644-9290
959,경상남도,반지점,"창원시 성산구 원이대로393번길 17-1 (반지동,2층)",055-237-9294
960,경상남도,반림점,창원시 성산구 중앙동 74-6 1층 B호,055-261-3266
961,경상남도,동천점,경남 남해군 삼동면 동부대로 1235,055-867-7273
962,경상남도,동마산점,창원시 마산회원구 구암남3길 13(구암동),055-295-6422
963,경상남도,대산점,경상남도 함안군 대산면 대산중앙로 214,055-582-8521
964,경상남도,대방점,"창원시 성산구 대정로 131 213(대방동,대방덕산타운상가 213호)",055-275-9917
965,경상남도,남해점,경남 남해군 남해읍 화전로78번길 17,055-864-5894
966,경상남도,남면점,경남 남해군 남면 남서대로 777,055-862-7574
967,경상남도,남.이동점,경남 남해군 이동면 무림로 81-1,055-863-0840
968,경상남도,남.고현점,경남 남해군 고현면 대사리 757-1,055-863-0920
969,경상남도,군북점,경남 함안군 군북면 중암리 60-1,055-585-9200
970,경상남도,구조라점,경남 거제시 일운면 구조라리 375,055-681-9797
971,경상남도,구암점,경상남도 창원시 마산회원구 구암북2길 6(구암동),055-299-2450
972,경상남도,공단점,경남 진주시 상평동 227 동국1차(아)상가 102,055-758-3534
973,경상남도,고현점,경상남도 거제시 거제중앙로27길 15(고현동),055-635-7649
974,경상남도,거창점,경남 거창군 거창읍 상림리 42-10,055-944-4776
975,경상남도,가음정점,창원시 성산구 남산동 601-1 창남상가 1층 108,055-262-9912
976,경상남도,가야점,경남 함안군 가야읍 도항리 95-1 1층,055-583-8021
977,경상남도,가곡점,경남 밀양시 가곡동 608-4,055-354-1628
978,경상남도,소주동점,경상남도 양산시 대평들2길 17(주남동),055-362-2918
979,경상남도,명동점(양),경상남도 양산시 신명동 7길 56(명동),055-362-3555
980,경상남도,평산점,"경상남도 양산시 신명로 82, 107동 103호(평산동, 동일스위트1차)",055-386-9994
981,경상남도,덕계점,경상남도 양산시 덕계2길 20(덕계동),055-363-9901
982,경상남도,칠산점,경상남도 김해시 칠산로 399번길 8(화목동),055-338-9982
983,경상남도,무계점,"경상남도 김해시 장유로 301번길 3, 207호(무계동,청학프라자)",055-322-8886
984,경상남도,율하점,"경상남도 김해시 율하2로 123, 113동 106호(율하동,율현마을동원로얄듀크아파트1차상가)",055-321-9288
985,경상남도,갑오점,경남 김해시 장유면 대청리 332-4 대청프라자 A-218,055-332-7891
986,경상남도,주촌점,경남 김해시 주촌면 서부로 1499번길 21,055-337-9240
987,경상남도,진례1호점,경상남도 김해시 진례면 고모로 214,055-345-9989
988,경상남도,빙그레점,경남 김해시 한림면 김해대로 914(가동),055-345-9957
989,경상남도,진영신도시점,경남 김해시 진영읍 김해대로 365번길 18 105,055-342-6080
990,경상남도,명동점(김),경상남도 김해시 한림면 명동로 7,055-345-2864
991,경상남도,생림점,경상남도 김해시 생림면 생림대로 960,055-323-3980
992,경상남도,삼계점,경남 김해시 가야로30번길 17(삼계동),055-332-9282
993,경상남도,외동점,경남 김해시 외동 1246-3,055-335-4455
994,경상남도,부원점,경상남도 김해시 김해대로 2325번길 22 (부원동),055-322-9290
995,경상남도,어방점,"경상남도 김해시 활천로 214번길5,101호(어방동,송대아트빌라)",055-327-8292
996,경상남도,삼방시장점,경상남도 김해시 삼안로 237(삼방동),055-312-8255
997,경상남도,내원점,경남 양산시 하북면 용연리 510-4,055-375-3692
998,경상남도,석계점,경상남도 양산시 상북면 상북중앙로 349,055-374-7723
999,경상남도,대석리점,경상남도 양산시 상북면 대성2길 7,055-375-3350
1000,경상남도,어곡점,경남 양산시 어곡동 9-3 외 4 필지 로얄파크빌상가 B09호,055-367-9298
1001,경상남도,양산1호점,경남 양산시 북부동 428-8,055-366-5592
1002,경상남도,중부점,"경상남도 양산시 양주로 110,상가동 1층 106호(중부동,현대아파트)",055-383-9133
1003,경상남도,범어점,경남 양산시 물금읍 동중1길 28,055-367-9494
1004,경기도,화도점,경기도 남양주시 화도읍 비룡로 331,031-593-0808
1005,경기도,마석점,경기도 남양주시 화도읍 마석로17번 안길 1-4,031-593-4045
1006,경기도,창현점,"경기도 남양주시 화도읍 경춘로창벌2길 12, 1층",031-592-1441
1007,경기도,평내점,경기 남양주시 평내동 142,031-591-0993
1008,경기도,평내2호점,경기도 남양주시 경춘로 1286 안길 3-5,031-595-8295
1009,경기도,도농점,"경기도 남양주시 경춘로 386, 1층(도농동)",031-555-6009
1010,경기도,별내점,경기도 남양주시 별내동 1023번지 104호,031-553-3311
1011,경기도,퇴계원점,경기도 남양주시 퇴계원면 퇴계원로 78번길 1,031-572-1999
1012,경기도,사능점,경기도 남양주시 진건읍 진건오남로 86번길 30,031-574-0505
1013,경기도,오남점,"경기도 남양주시 오남읍 진건오남로512번길 23, 110호~111호",031-513-9292
1014,경기도,내각점,경기도 남양주시 진접읍 내각2로 33,031-573-6221
1015,경기도,진접택지점,경기도 남양주시 진접읍 해밀예당로23로 121,031-573-9888
1016,경기도,장현산호점,경기도 남양주시 진접읍 금강로 1530-16(산호아파트상가 106호),031-571-5394
1017,경기도,광릉점,경기도 남양주시 진접읍 부평로 42(진접센트레빌시티),031-515-1092
1018,경기도,광적점,경기도 양주시 광적면 가래비길 67,031-836-9191
1019,경기도,은현점,경기도 양주시 은현면 선암리 335-1,031-867-6966
1020,경기도,남면점,경기도 양주시 남면 화합로 610번길 87,031-859-9592
1021,경기도,문산점,"경기도 파주시 문산읍 우계로 472, 1동 104호(두산위브상가)",031-953-9233
1022,경기도,야동점,경기도 파주시 창곡동길 47,031-943-9282
1023,경기도,봉일천점,경기도 파주시 조리읍 봉천로 18,031-941-0444
1024,경기도,교하점,"경기도 파주시 청석로 334, 102호(다율동, 청석마을동문굿모닝힐상가)",031-946-9955
1025,경기도,운정점,"경기도 파주시 한울로84, 1층",031-946-0092
1026,경기도,가좌대화점,경기도 고양시 일산서구 가좌1로 73,031-921-9249
1027,경기도,SBS점,"경기도 고양시 일산서구 일현로128, 103호",031-919-9201
1028,경기도,구일산점,경기도 고양시 일산서구 고양대로 706-25,031-977-9270
1029,경기도,정발산점,경기도 일산동구 산두로 213번길,031-916-9043
1030,경기도,풍동점,경기도 고양시 일산동구 숲속마을1로 48번길 42 103호,031-904-8592
1031,경기도,백석점,"경기도 고양시 일산동구 장백로 59, 104호 (백석동,흰돌마을)",031-962-0903
1032,경기도,원당점,경기도 고양시 덕양구 마상로154번길 2(성사동),031-968-9892
1033,경기도,고양점,경기도 고양시 덕양구 혜음로 8 삼라마이다스프라자 112호,031-966-6692
1034,경기도,사리현점,경기도 고양시 일산동구 공릉천로 32,031-969-9555
1035,경기도,화정부영점,경기도 고양시 덕양구 화중로 220 달빛마을 ,031-968-3392
1036,경기도,별빛점,경기도 고양시 덕양구 화정동 화신로 2811,031-972-3392
1037,경기도,화정주공점,"경기도 고양시 덕양구 백양로 6, 17단지 상가 101호",031-938-0404
1038,경기도,가라뫼점,경기도 고양시 덕양구 행신로 311번길 16,031-978-9277
1039,경기도,원흥점,"경기도 고양시 덕양구 서삼릉1길 70, 1층일부(원흥동)",031-965-9292
1040,경기도,삼송리점,경기도 고양시 삼송로 185번길 4,02-381-1188
1041,경기도,구리점,경기도 구리시 원수택로 47-1,031-562-8292
1042,경기도,청학점,경기도 남양주시 별내면 청학로68번길 23-1 상가 101호,031-821-7766
1043,경기도,민락2호점,경기도 의정부시 오목로225번길 79-16 1층(민락동),031-853-8321
1044,경기도,민락점,경기도 의정부시 효자로 10-0 송산중앙 112호,031-852-9188
1045,경기도,금오점,경기도 의정부시 추동로94,031-847-9222
1046,경기도,의정부5호점,경기도 의정부시 경의로 86(의정부동),031-876-3737
1047,경기도,가능점,경기도 의정부시 호국로 1188,031-873-8666
1048,경기도,녹양점,경기도 의정부시 녹양로 62번길 31,031-874-5895
1049,경기도,산북점,경기도 양주시 평화로 1267번길 6,031-840-6277
1050,경기도,도곡점,경기도 남양주시 와부읍 도곡로 1032-1,031-577-2054
1051,경기도,단월점,경기도 양평군 단월면 보산정길 2,031-773-7000
1052,경기도,용문점,경기도 양평군 용문면 중앙1길 21,031-774-5420
1053,경기도,양수리점,경기도 양평군 양서면 목왕로 19-1 1층,031-772-7974
1054,경기도,설악점,"경기도 가평군 설악면 신천중앙로 137-1, 1층",031-585-1282
1055,경기도,청평점,경기도 가평군 청평면 청평중앙로 64,031-585-8960
1056,경기도,가평점,"경기도 가평군 가평읍 가화로 133, 1층",031-582-9191
1057,경기도,가평목동점,경기도 가평군 북면 화악산로 11,031-582-7114
1058,경기도,현리점,경기도 가평군 하면 청군로 1185,031-585-2567
1059,경기도,호원점,경기도 의정부시 호원동 454-14,031-871-7959
1060,경기도,장암점,"경기도 의정부시 동일로 466번길 70, 1층 106호(신곡동)",031-848-5592
1061,경기도,신곡점,경기도 의정부시 장금로78번길 49(신곡동),031-856-8286
1062,경기도,송우리점,경기도 포천시 소흘읍 태봉로 166번길 5,031-554-9696
1063,경기도,가산점,경기도 포천시 가산면 가산로 370,031-543-0575
1064,경기도,포천점,경기도 포천시 호병로 55,031-535-9292
1065,경기도,관인점,경기도 포천시 관인면 관인로 21,031-534-9555
1066,경기도,전곡점,경기도 연천군 전곡읍 밤골로 6,031-832-9942
1067,경기도,상패점,경기도 동두천시 상패로 186,031-865-1102
1068,경기도,동두천1호점,경기도 동두천시 지행로107번길 29(지행동),031-865-9994
1069,경기도,동두천2호점,"경기도 동두천시 동두천로63, 1층 102호(송내동, 상가동)",031-858-9252
1070,경기도,덕정점,경기도 양주시 덕정길 50 가-1 4필지,031-858-9297
1071,경기도,삼숭점,경기도 양주시 삼숭로38번길 102,031-846-9294
1072,경기도,월곶군하점,경기도 김포시 월곶면 군하리 170번지,032-997-1195
1073,경기도,대곶점,경기도 김포시 대곶면 송마리 3-18,031-984-9288
1074,경기도,대능,경기도 김포시 대곶면 대능리 150-1,031-997-9242
1075,경기도,구래,김포시 김포 한강9로 12번길 8-6 (구래동 6896-14),031-996-3392
1076,경기도,장기점,경기도 김포시 장기동 1407,031-989-9242
1077,경기도,사우북변,경기도 김포시 사우동 225-3 103호,031-983-9208
1078,경기도,풍무,경기도 김포시 풍무동 629 1층 103호,031-983-3889
1079,경기도,케이준 덕풍점,경기도 하남시 덕풍동 335-7번지,032-791-7942
1080,경기도,태평,경기도 평택시 고덕면 궁리 75,031-664-5548
1081,경기도,평택세교,경기도 평택시 세교2로 45 상가 109,031-656-9366
1082,경기도,장안점,경기도 평택시 추담로 58-78,031-665-8842
1083,경기도,현대,경기도 평택시 이충동 381 현대상가 103호,031-663-9959
1084,경기도,서정1호점,경기도 평택시 서정동 871-19,031-663-8892
1085,경기도,지산서정점,경기도 평택시 서정동 799-2,031-667-8253
1086,경기도,고현점,경기도 오산시 고현동 17,031-378-8292
1087,경기도,누읍점,경기도 오산시 누읍로 20,031-373-9282
1088,경기도,궐동,경기도 오산시 궐동 673-1 1층 (616-6),031-372-8998
1089,경기도,오산세교점,경기도 오산시 수청동589-2,031-378-6606
1090,경기도,은계,경기도 오산시 은계동 33-3,031-377-9245
1091,경기도,금호,"경기도 수원시 권선구 금호로 285,2층(호매실동)",031-891-1515
1092,경기도,서수원,경기도 수원시 권선구 구운동 525-4,031-291-7885
1093,경기도,송죽조원,경기도 수원시 장안구 송죽동 500,031-245-6966
1094,경기도,화서,경기도 수원시 팔달구 화서동 184-348,031-247-5754
1095,경기도,권선,경기도 수원시 권선동 1028-6번지,031-222-8202
1096,경기도,곡반정,경기도 수원시 권선구 곡반정동 569-16,031-235-9282
1097,경기도,매탄,경기도 수원시 영통구 매탄동 196-79,031-212-2457
1098,경기도,광교점,경기도 수원시 영통구 법조로 149번길 190,031-215-9282
1099,경기도,흥덕,경기도 수원시 영통구 삼성로 320번길 35 101-102,031-217-9283
1100,경기도,오목천,경기도 수원시 권선구 오목천동 472-40,031-227-1033
1101,경기도,기안,경기도 화성시 기안동 355-16,031-224-5646
1102,경기도,봉담,경기도 화성시 봉담읍 상리15-10,031-227-0052
1103,경기도,동탄2점,경기도 화성시 지산1길 22-1 103호(영천동),031-378-6644
1104,경기도,동탄1호점,경기도 화성시 동탄 반송3길 50-7. 1층(반송동),031-613-9924
1105,경기도,병점점,경기도 화성시 병점3로 157 상가 106,031-222-7292
1106,경기도,반도체,경기도 화성 태안 반월 360-8,031-202-2374
1107,경기도,신영통점,경기도 용인시 기흥구 서천서로12번길 4-11,031-206-9266
1108,경기도,영통,"경기도 수원시 영통구 청면남로50번길 24, 101",031-202-9966
1109,경기도,남양,경기도 화성시 남양동 547,031-357-9980
1110,경기도,팔탄,경기도 화성시 팔탄면 서촌길 16,031-352-6787
1111,경기도,서근리,"경기도 화성시 팔탄면 버들로 1374(서근리), 1층",031-352-0787
1112,경기도,안중점,경기도 평택시 안중읍 안중로18번길 2-19,031-681-9688
1113,경기도,향남점,"경기도 화성시 향남읍 행정동로 86, 103호",031-354-9124
1114,경기도,발안점,경기도 화성시 향냠읍 평리 101-9,031-353-0015
1115,경기도,왕림점,경기도 화성시 봉담읍 왕림 405-1,031-298-6196
1116,경기도,성남태평,경기도 성남시 수정구 태평동 2359,031-755-9990
1117,경기도,금광,경기도 성남시 중원구 금광동 4314 104호,031-732-9229
1118,경기도,상대원,경기도 성남시 중원구 상대원동 1132,031-604-0123
1119,경기도,수지상현점,경기도 용인시 상현동 859 롯데아파트상가 116호,031-266-9292
1120,경기도,성남점,경기도 성남시 수정구 성남대로 1180번길 5-1(수진동),031-754-3384
1121,경기도,야탑점,경기도 성남시 분당구 야탑로 153번길 9- 103호(야탑동),031-709-1577
1122,경기도,동판교,경기도 성남시 분당구 동판교로 52번길 9-3(백현동),031-704-9222
1123,경기도,서현분당,"경기도 성남시 분당구 분당로 212, 상가동 102호(분당동, 샛별마을)",031-703-9285
1124,경기도,케이준 분당정자점,경기도 성남시 분당구 내정로 119번길 36(정자동1층),031-719-2443
1125,경기도,구미금곡점,경기도 성남시 분당구 미금일로 81,031-713-9288
1126,강원도,휘닉스파크점,"강원도 평창군 봉평면 태기로 30, A동 2층 101호(아벨라상가)",033-333-1114
1127,강원도,횡계점,강원도 평창군 대관령면 횡계리 321-12,033-335-5232
1128,강원도,화촌점,강원도 홍천군 화촌면 성산로134번길 15,033-432-8216
1129,강원도,화천점,강원도 화천군 화천읍 중앙로 26-2,033-441-6791
1130,강원도,홍천점,강원도 홍천군 홍천읍 꽃뫼로 137,033-433-5392
1131,강원도,호산점,강원도 삼척시 원덕읍 호산2길 67-1,033-572-9095
1132,강원도,현리점,강원도 인제군 기린면 덕다리길 8,033-461-5406
1133,강원도,혁신점,"강원도 원주시 양지로 160-2, 107호(반곡동, 부영A상가)",033-746-0909
1134,강원도,학성점,"강원도 원주시 학성길 46, 상가동 1층 103호(학성동, 삼천리아파트)",033-744-2101
1135,강원도,퇴계점,강원도 춘천시 행촌로32번길 16(퇴계동),033-256-5149
1136,강원도,태장소초점,강원도 원주시 소초면 치악로 2355,033-732-0095
1137,강원도,태장1점,강원도 원주시 현충로 148(태장동),033-745-8800
1138,강원도,태백점,"강원도 태백시 황지로 44. 107호(황지동, 우남연립)",033-553-4560
1139,강원도,천도리점,강원도 인제군 서화면 천도로 133-1,033-462-0990
1140,강원도,천곡점,강원도 동해시 감추로 16(천곡동),033-533-5999
1141,강원도,중동점,강원도 영월군 중동면 태백산로 1199,033-378-2200
1142,강원도,주천점,강원도 영월군 주천면 주천면 주천로84번길 1,033-372-9262
1143,강원도,조양점,"강원도 속초시 새마을길 5, 1층(조양동)",033-632-7111
1144,강원도,정선점,강원도 정선군 정선읍 비봉로 58-1,033-562-7447
1145,강원도,정선남면점,강원도 정선군 남면 문은단로 3,033-592-8288
1146,강원도,정동진점,강원도 강릉시 강동면 정동3길 46-4,033-644-5831
1147,강원도,임원점,강원도 삼척시 원덕읍 임원중앙로 37,033-573-6334
1148,강원도,일산점,"강원도 원주시 무실로 50(일산동, 지상1층)",033-731-5688
1149,강원도,인제점,강원도 인제군 인제읍 비봉로16번길 5,033-461-1666
1150,강원도,원통점,강원도 인제군 북면 원통로147번길 32,033-461-3269
1151,강원도,우산점,강원도 원주시 우산동 90-3번지,033-748-2777
1152,강원도,장호용화점,강원도 삼척시 근덕면 삼척로 2127,033-573-1239
1153,강원도,용대리점,"강원도 인제군 북면 미시령로 1150, 1층",033-462-9333
1154,강원도,오크밸리점,"강원도 원주시 지정면 오크밸리1길 70, 1층(빌리지센타)",033-730-3737
1155,강원도,양양점,강원도 양양군 양양읍 남문7길 5,033-671-4743
1156,강원도,양양동호점,강원도 양양군 손양면 선사유적로 316-20,033-672-6787
1157,강원도,양덕원점,강원도 홍천군 남면 양덕원2길 30,033-432-0880
1158,강원도,양구점,강원도 양구군 양구읍 사명길 66,033-481-9998
1159,강원도,아야진점,강원도 고성군 토성면 아야진리 49-3,033-631-1130
1160,강원도,쌍용점,강원도 영월군 한반도면 쌍용로 82-1,033-372-5261
1161,강원도,신남점,강원도 인제군 남면 신남로48번길 19,033-461-8295
1162,강원도,시동점,강원도 홍천군 남면 시동안로 321,033-432-0939
1163,강원도,수타사점,강원도 홍천군 동면 속초길 6,033-436-9992
1164,강원도,석사점,강원도 춘천시 효석로67번길 18-1(석사동),033-262-6592
1165,강원도,서화점,강원도 인제군 서화면 금강로 1777-1,033-463-4855
1166,강원도,서원점,강원도 횡성군 서원면 서원로 144-2,033-342-2224
1167,강원도,서면점,강원도 홍천군 서면 팔봉산로 1180,033-434-5605
1168,강원도,북방점,강원도 홍천군 북방면 영서로 2706,033-434-8824
1169,강원도,부영점,강원도 속초시 조양로 142번길 15(조양동),033-635-0605
1170,강원도,부안점,강원도 춘천시 보안길 42(후평동),033-251-1677
1171,강원도,봉포점,강원도 고성군 토성면 토성로 65,033-635-7575
1172,강원도,명륜점,"강원도 원주시 남원로527번길 66, 1층 (명륜동)",033-762-7778
1173,강원도,마차점,강원도 영월군 북면 마차중앙1길 39-1,033-372-3940
1174,강원도,동해본점,"강원도 동해시 해안로 635-4, 1층(발한동)",033-533-9383
1175,강원도,동면점,강원도 양구군 동면 금강산로 1554,033-481-7130
1176,강원도,단관점,"강원도 원주시 단관길 177-9(관설동, 1층)",033-766-9266
1177,강원도,단계점,강원도 원주시 북원로2246번길 45(단계동),033-731-0101
1178,강원도,내면점,강원도 홍천군 내면 창촌로 33-1,033-432-1763
1179,강원도,남양점,"강원도 삼척시 중앙시장길 68-26(남양동, 단층일부)",033-574-4582
1180,강원도,남부점,강원도 춘천시 공지로 354(효자동),033-254-3503
1181,강원도,남면점,강원도 양구군 남면 삼팔선로 10,033-481-2521
1182,강원도,금호점,강원도 속초시 중앙로121번길 6(금호동),033-633-2239
1183,강원도,근덕점,강원도 삼척시 근덕면 교가길 22-9,033-573-9293
1184,강원도,구곡점,"강원도 원주시 늘품로 8, 101호(단구동)",033-762-8989
1185,강원도,교동점,강원도 속초시 교동 먹거리4길 33(교동),033-632-3370
1186,강원도,계촌점,강원도 평창군 방림면 계촌길 58,033-333-9950
1187,강원도,거두점,강원도 춘천시 동내면 거두택지길 32(1층),033-261-0552
1188,강원도,강현점,강원도 양양군 강현면 물치천로 12,033-671-4201
1189,강원도,강릉교동점,"강원도 강릉시 율곡초교길39번길 18, 1층(교동)",033-648-9911
1190,강원도,강대점,"강원도 춘천시 서부 대성로 182-1, 1층(효자동)",033-251-7782
1191,강원도,문혜리점,강원도 철원군 갈말읍 두루미로 100-1,033-452-5592
1192,충청북도,칠금봉방점,충북 충주시 연수동 1245,043-853-9288
1193,충청북도,청전점,충북 제천시 숭문로20길 26(의림동),043-648-9222
1194,충청북도,제천A점,"충북 제천시 숭의로1길 2, 1층(화산동)",043-642-6992
1195,충청북도,이류점,충북 충주시 대소원면 대소원1길 21,043-851-9289
1196,충청북도,연수점,충북 충주시 금릉동 708-2,043-845-9201
1197,충청북도,수안보점,충북 충주시 수안보면 장터1길 19,043-848-7278
1198,충청북도,부강점,충북 충주시 교현동 1087,043-843-5163
1199,충청북도,금가점,충북 충주시 금가면 강수로 335,043-853-9191
